127 , Run141021_06-31-42 ,B,295,345,1845,0,vl13,433,33153,26383,33271,5932,2609,23.03,8.505E-06,yes,export,VT4 open from now on,,1.4,121972,21822,15,,,,
128 , Run141021_15-47-20 ,B,295,345,1845,0,vl13,433,77867,64895,78143,13799,2637,22.98,8.372E-06,yes,export,No tracking: Morning shift was canceled!,,2.3,199839,35621,29,1413899242,1413977385,,
129 , Run141022_13-30-33 ,B,295,345,1845,0,vl13,433,91473,80143,91797,15675,2670,22.93,8.216E-06,yes,export,,,3.3,291312,51296,27,1413977435,1414069232,,
130 , Run141023_15-01-04 ,B,295,345,1845,0,vl13,433,86195,71250,86500,14485,2658,22.95,8.273E-06,yes,export,,,4.3,377507,65781,24,1414069266,1414155766,,
131 , Run141024_15-03-32 ,B,295,345,1845,0,vl13,433,86919,65988,87227,14177,2632,22.99,8.396E-06,yes,export,,,5.3,464426,79958,31,1414155815,1414243042,,
132 , Run141025_15-18-25 ,B,295,345,1845,0,vl13,433,85201,68476,85503,14338,2632,22.99,8.396E-06,yes,export,,,6.2,549627,94296,22,1414243107,1414328610,,
133 , Run141026_14-04-25 ,B,295,345,1845,0,vl13,433,86312,70104,86617,14295,2627,23.00,8.420E-06,yes,export,Teamviewer-Problem when starting next run,,7.2,635939,108591,25,1414328667,1414415284,,
134 , Run141027_14-42-10 ,B,295,345,1845,0,vl13,433,85329,63668,85631,13869,2614,23.02,8.481E-06,yes,export,,,8.2,721268,122460,26,1414417332,1414502963,,
135 , Run141028_14-30-28 ,B,295,345,1845,0,vl13,433,86209,63851,86515,14132,2615,23.02,8.477E-06,yes,export,,,9.2,807477,136592,27,1414503030,1414589545,,
136 , Run141029_14-33-53 ,B,295,345,1845,0,vl13,433,84956,58805,85256,13622,2613,23.02,8.486E-06,yes,export,,,10.1,892433,150214,30,1414589635,1414674891,,
137 , Run141030_14-15-36 ,B,295,345,1845,0,vl13,433,85680,59335,85982,13757,2611,23.02,8.496E-06,yes,export,,,11.1,978113,163971,21,1414674938,1414760920,,
138 , Run141031_14-09-33 ,B,295,345,1845,0,vl13,433,83807,58207,84102,13177,2608,23.03,8.510E-06,yes,export,,,12.0,1061920,177148,23,1414760975,1414845077,,
139 , Run141101_13-32-01 ,B,295,345,1845,0,vl13,433,88940,61932,89253,14008,2607,23.03,8.514E-06,yes,export,,,13.1,1150860,191156,28,1414845123,1414934376,,
140 , Run141102_14-20-17 ,B,295,345,1845,0,vl13,433,75127,53771,75392,12198,2612,23.02,8.491E-06,yes,export,,,13.9,1225987,203354,30,1414934419,1415009811,,
141 , Run141103_11-17-35 ,B,295,345,1845,0,vl13,433,96673,65030,97013,15909,2600,23.04,8.548E-06,yes,export,Switched to backup gas bottle!,,15.0,1322660,219263,29,1415009857,1415106870,,
142 , Run141104_14-18-53 ,B,295,345,1845,0,vl13,433,83364,56795,83657,13460,2605,23.03,8.524E-06,yes,export,,,15.9,1406024,232723,35,1415107135,1415190792,,
143 , Run141105_13-34-04 ,B,295,345,1845,0,vl13,433,87551,62750,87859,14037,2617,23.02,8.467E-06,yes,export,,,16.9,1493575,246760,27,1415190846,1415278705,,
144 , Run141106_13-59-06 ,B,295,345,1845,0,vl13,433,85191,60407,85491,13254,2623,23.01,8.439E-06,yes,export,,,17.9,1578766,260014,36,1415278748,1415364239,,
145 , Run141107_13-44-54 ,B,295,345,1845,0,vl13,433,87880,66453,88188,13916,2632,22.99,8.396E-06,yes,export,,,18.9,1666646,273930,19,1415364296,1415452484,,
146 , Run141108_14-15-39 ,B,295,345,1845,0,vl13,433,85368,65108,85668,13509,2627,23.00,8.420E-06,yes,export,,,19.9,1752014,287439,43,1415452541,1415538209,,
147 , Run141109_14-04-55 ,B,295,345,1845,0,vl13,433,87378,69240,87685,14246,2627,23.00,8.420E-06,yes,export,,,20.9,1839392,301685,29,1415538297,1415625982,,
148 , Run141110_14-27-37 ,B,295,345,1845,0,vl13,433,85220,67090,85522,13844,2611,23.02,8.496E-06,yes,export,,,21.8,1924612,315529,21,1415626059,1415711581,,
149 , Run141111_14-13-58 ,B,295,345,1845,0,vl13,433,85683,71616,85987,14086,2627,23.00,8.420E-06,yes,export,,,22.8,2010295,329615,24,1415711640,1415797627,,
150 , Run141112_14-08-10 ,B,295,345,1845,0,vl13,433,87082,72423,87391,14547,2629,23.00,8.410E-06,yes,export,,,23.8,2097377,344162,31,1415797692,1415885083,,
151 , Run141113_14-25-41 ,B,295,345,1845,0,vl13,433,85113,68474,85415,13922,2616,23.02,8.472E-06,yes,export,,,24.8,2182490,358084,20,1415885143,1415970558,,
152 , Run141114_14-10-02 ,B,295,345,1845,0,vl13,433,85663,64328,85966,13839,2608,23.03,8.510E-06,yes,export,,,25.7,2268153,371923,39,1415970604,1416056570,,
153 , Run141115_14-03-54 ,B,295,345,1845,0,vl13,433,86200,67509,86506,14357,2602,23.04,8.538E-06,yes,export,,,26.7,2354353,386280,23,1416056636,1416143142,,
154 , Run141116_14-06-36 ,B,295,345,1845,0,vl13,433,24676,18737,24764,3976,2604,23.04,8.529E-06,yes,export,,,27.0,2379029,390256,9,1416143198,1416167962,,
155 , Run141116_21-08-40 ,X,295,345,1845,0,vl2,433,244110,72968,42600,,2694,22.89,8.102E-06,yes,export,,,,,,8987,1416168520,1416211120,,
156 , Run141117_10-48-39 ,B,295,345,1845,0,vl13,433,98120,74514,98467,,2614,23.02,8.481E-06,yes,export,No vacuum,,,,,,1416217721,1416316188,,
157 , Run141118_14-10-15 ,B,295,345,1845,0,vl13,433,159180,127265,159743,,2621,23.01,8.448E-06,yes,export,No vacuum,,,,,,1416316217,1416475960,,
158 , Run141120_10-33-23 ,B,295,345,1845,0,vl13,433,91142,77314,91464,,2636,22.99,8.377E-06,yes,export,No vacuum,,,,,,1416476005,1416567469,,
159 , Run141121_11-58-28 ,B,295,345,1845,0,vl13,433,250763,196751,251649,,2620,23.01,8.453E-06,yes,export,No vacuum,,,,,,1416567510,1416819159,,
160 , Run141124_09-53-24 ,B,295,345,1845,0,vl13,433,172804,136553,173415,,2608,23.03,8.510E-06,yes,export,No vacuum,,,,,,1416819206,1416992621,,
161 , Run141126_10-04-46 ,B,295,345,1845,0,vl13,433,107078,91098,107457,,2615,23.02,8.477E-06,yes,export,No vacuum,,,,,,1416992688,1417100145,,
162 , Run150421_16-21-17 ,C,295,345,1845,0,l4,433,144431,28017,3600,,2578,23.24,8.717E-06,yes,calib; export,InGrid is back for Run2015,,0.0,0,,,1429626077,1429629677,,
163 , Run150421_17-21-51 ,B,295,345,1845,0,vl13,433,74710,66825,74975,,2601,23.08,8.492E-06,yes,export,,,0.8,74710,,,1429629713,1429704688,,
164 , Run150422_14-12-27 ,C,295,345,1845,0,l4,433,144371,28443,3600,,2566,23.30,8.741E-06,yes,calib; export,,,0.8,74710,,,1429704747,1429708347,,
165 , Run150422_16-02-09 ,B,295,345,1845,0,vl13,433,99578,87363,99931,,2586,23.17,8.598E-06,yes,export,,,2.0,174288,,,1429711331,1429811262,,
166 , Run150423_19-49-46 ,C,295,345,1845,0,l4,433,144516,27590,3600,,2558,23.43,8.827E-06,yes,calib; export,,,2.0,174288,,,1429811386,1429814986,,
167 , Run150423_20-51-56 ,B,295,345,1845,0,vl13,433,60780,52182,60996,,2590,23.15,8.570E-06,yes,export,,,2.7,235068,,,1429815118,1429876114,,
168 , Run150424_13-49-29 ,C,295,345,1845,0,l4,433,144370,28137,3600,,2546,23.52,8.883E-06,yes,calib; export,,,2.7,235068,,,1429876169,1429879769,,
169 , Run150424_14-55-45 ,B,295,345,1845,0,vl13,433,111549,79584,111944,,2549,23.41,8.858E-06,yes,export,,,3.9,346617,,,1429880147,1429992091,,
170 , Run150425_22-02-44 ,C,295,345,1845,0,l4,433,144410,27798,3600,,2530,23.53,8.974E-06,yes,calib; export,,,3.9,346617,,,1429992164,1429995764,,
171 , Run150425_23-03-36 ,B,295,345,1845,0,vl13,433,124783,95257,125225,,2517,23.61,9.084E-06,yes,export,,,5.3,471400,,,1429995818,1430121043,,
172 , Run150427_09-51-33 ,C,295,345,1845,0,l4,433,144509,27836,3600,,2504,23.69,9.201E-06,yes,calib; export,,,5.3,471400,,,1430121093,1430124693,,
173 , Run150427_10-52-35 ,B,295,345,1845,0,vl13,433,95898,79532,96237,,2520,23.59,9.063E-06,yes,export,,,6.4,567298,,,1430124757,1430220994,,
174 , Run150428_13-37-36 ,C,295,345,1845,0,l4,433,144338,27956,3600,,2538,23.57,8.984E-06,yes,calib; export,,,6.4,567298,,,1430221056,1430224656,,
175 , Run150428_14-38-49 ,B,295,345,1845,0,vl13,433,83089,71594,83382,,2576,23.24,8.668E-06,yes,export,,,7.4,650387,,,1430224731,1430308113,,
176 , Run150429_13-49-34 ,C,295,345,1845,0,l4,433,144379,27925,3600,,2545,23.38,8.909E-06,yes,calib; export,,,7.4,650387,,,1430308174,1430311774,,
177 , Run150429_14-50-39 ,B,295,345,1845,0,vl13,433,82470,63826,82762,,2565,23.31,8.746E-06,yes,export,,,8.3,732857,,,1430311841,1430394603,,
178 , Run150430_13-50-38 ,C,295,345,1845,0,l4,433,144451,27994,3600,,2547,23.39,8.868E-06,yes,calib; export,,,8.3,732857,,,1430394638,1430398238,,
179 , Run150430_14-51-52 ,B,295,345,1845,0,vl13,433,88138,62373,88449,,2546,23.43,8.879E-06,yes,export,,,9.3,820995,,,1430398314,1430486763,,
180 , Run150501_15-27-11 ,C,295,345,1845,0,l4,433,144335,27543,3600,,2482,23.66,9.287E-06,yes,calib; export,,,9.3,820995,,,1430486831,1430490431,,
181 , Run150501_16-28-15 ,B,295,345,1845,0,vl13,433,189159,128803,189828,,2480,23.84,9.344E-06,yes,export,,,11.5,1010154,,,1430490497,1430680325,,
182 , Run150503_21-12-55 ,C,295,345,1845,0,l4,433,144384,27820,3600,,2439,24.17,9.617E-06,yes,calib; export,,,11.5,1010154,,,1430680375,1430683975,,
183 , Run150503_22-15-31 ,B,295,345,1845,0,vl13,433,53822,36178,54013,,2453,24.01,9.534E-06,yes,export,,,12.1,1063976,,,1430684133,1430738146,,
184 , Run150504_13-16-37 ,C,295,345,1845,0,l4,433,144384,27544,3600,,2433,24.34,9.685E-06,yes,calib; export,,,12.1,1063976,,,1430738197,1430741797,,
185 , Run150504_14-19-41 ,B,295,345,1845,0,vl13,433,85613,57880,85916,,2446,24.05,9.584E-06,yes,export,,,13.0,1149589,,,1430741984,1430827900,,
186 , Run150505_14-12-25 ,C,295,345,1845,0,l4,433,144384,27116,3600,,2418,24.55,9.798E-06,yes,calib; export,,,13.0,1149589,,,1430827946,1430831546,,
187 , Run150505_15-14-37 ,B,295,345,1845,0,vl13,433,82832,50706,83125,,2451,24.02,9.548E-06,yes,export,,,14.0,1232421,,,1430831679,1430914804,,
188 , Run150506_14-20-49 ,C,295,345,1845,0,l4,433,144368,27249,3600,,2433,24.30,9.657E-06,yes,calib; export,,,14.0,1232421,,,1430914849,1430918449,,
189 , Run150506_15-23-49 ,B,295,345,1845,0,vl13,433,83889,52929,84187,,2505,23.68,9.168E-06,yes,export,,,14.9,1316310,,,1430918631,1431002818,,
190 , Run150507_14-47-44 ,C,295,345,1845,0,l4,433,144353,27322,3600,,2494,23.72,9.209E-06,yes,calib; export,,,14.9,1316310,,,1431002864,1431006464,,
191 , Run150507_15-58-21 ,B,295,345,1845,0,vl13,433,79339,53096,79621,,2524,23.56,9.034E-06,yes,export,,,15.8,1395649,,,1431007103,1431086724,,
192 , Run150508_14-06-13 ,C,295,345,1845,0,l4,433,144342,27663,3600,,2498,23.80,9.204E-06,yes,calib; export,,,15.8,1395649,,,1431086773,1431090373,,
193 , Run150508_15-07-10 ,B,295,345,1845,0,vl13,433,96553,67044,96895,,2502,23.70,9.189E-06,yes,export,,,16.9,1492202,,,1431090432,1431187327,,
194 , Run150509_18-03-16 ,C,295,345,1845,0,l4,433,144438,27393,3600,,2444,24.07,9.502E-06,yes,calib; export,,,16.9,1492202,,,1431187396,1431190996,,
195 , Run150509_19-05-24 ,B,295,345,1845,0,vl13,433,153992,104289,154537,,2513,23.63,9.112E-06,yes,export,,,18.7,1646194,,,1431191126,1431345663,,
196 , Run150511_14-01-51 ,C,295,345,1845,0,l4,433,144352,27461,3600,,2498,23.77,9.225E-06,yes,calib; export,,,18.7,1646194,,,1431345711,1431349311,,
197 , Run150511_15-03-00 ,B,295,345,1845,0,vl13,433,80825,47180,81111,,2491,23.77,9.267E-06,yes,export,,,19.6,1727019,,,1431349382,1431430493,,
198 , Run150512_13-37-00 ,C,295,345,1845,0,l4,433,144339,27673,3600,,2467,23.99,9.410E-06,yes,calib; export,,,19.6,1727019,,,1431430620,1431434220,,
199 , Run150512_14-59-39 ,B,295,345,1845,0,vl13,433,82802,50531,83096,,2496,23.74,9.232E-06,yes,export,,,20.5,1809821,,,1431435581,1431518677,,
200 , Run150513_14-05-28 ,C,295,345,1845,0,l4,433,144366,27092,3600,,2483,23.91,9.306E-06,yes,calib; export,,,20.5,1809821,,,1431518728,1431522328,,
201 , Run150513_15-27-16 ,B,295,345,1845,0,vl13,433,166931,108886,167522,,2503,23.70,9.182E-06,yes,export,,,22.4,1976752,,,1431523638,1431691160,,
202 , Run150515_14-00-14 ,C,295,345,1845,0,l4,433,144347,27445,3600,,2494,23.72,9.214E-06,yes,calib; export,,,22.4,1976752,,,1431691214,1431694814,,
203 , Run150515_15-00-59 ,B,295,345,1845,0,vl13,433,251775,180757,252666,,2513,23.63,9.112E-06,yes,export,,,25.3,2228527,,,1431694861,1431947527,,
204 , Run150518_13-12-54 ,C,295,345,1845,0,l4,433,144345,27131,3600,,2477,23.91,9.352E-06,yes,calib; export,,,25.3,2228527,,,1431947574,1431951174,,
205 , Run150518_16-05-13 ,B,295,345,1845,0,vl13,433,83258,53803,83554,,2501,23.71,9.196E-06,yes,export,,,26.2,2311785,,,1431957915,1432041469,,
206 , Run150519_15-20-39 ,C,295,345,1845,0,l4,433,144364,27107,3600,,2476,23.92,9.359E-06,yes,calib; export,,,26.2,2311785,,,1432041639,1432045239,,
207 , Run150519_16-27-30 ,B,295,345,1845,0,vl13,433,80086,58494,80370,,2532,23.51,8.978E-06,yes,export,,,27.1,2391871,,,1432045652,1432126022,,
208 , Run150520_14-48-43 ,C,295,345,1845,0,l4,433,144355,27575,3600,,2531,23.38,8.959E-06,yes,calib; export,,,27.1,2391871,,,1432126123,1432129723,,
209 , Run150520_15-50-07 ,B,295,345,1845,0,vl13,433,85774,61589,86078,,2547,23.42,8.872E-06,yes,export,,,28.1,2477645,,,1432129809,1432215887,,
210 , Run150521_15-45-38 ,C,295,345,1845,0,l4,433,144337,27498,3599,,2503,23.53,9.111E-06,yes,calib; export,,,28.1,2477645,,,1432215939,1432219538,,
211 , Run150521_17-46-57 ,B,295,345,1845,0,vl13,433,72527,53750,72784,,2554,23.37,8.823E-06,yes,export,,,28.9,2550172,,,1432223219,1432296003,,
212 , Run150522_14-00-44 ,C,295,345,1845,0,l4,433,144370,27255,3600,,2535,23.41,8.958E-06,yes,calib; export,,,28.9,2550172,,,1432296044,1432299644,,
213 , Run150522_16-42-36 ,B,295,345,1845,0,vl13,433,334034,255682,335216,,2538,23.48,8.936E-06,yes,export,,,32.7,2884206,,,1432305758,1432640974,,
214 , Run150526_13-50-31 ,C,295,345,1845,0,l4,433,144323,27417,3600,,2482,23.78,9.362E-06,yes,calib; export,,,32.7,2884206,,,1432641031,1432644631,,
215 , Run150526_14-53-26 ,B,295,345,1845,0,vl13,433,87346,70103,87656,,2537,23.48,8.943E-06,yes,export,,,33.7,2971552,,,1432644808,1432732464,,
216 , Run150527_15-15-09 ,C,295,345,1845,0,l4,433,144367,27590,3600,,2547,23.42,8.846E-06,yes,calib; export,,,33.7,2971552,,,1432732509,1432736109,,
217 , Run150527_16-20-02 ,B,295,345,1845,0,vl13,433,87009,69036,87317,,2562,23.32,8.767E-06,yes,export,,,34.7,3058561,,,1432736404,1432823721,,
218 , Run150528_16-36-32 ,C,295,345,1845,0,l4,433,144357,27246,3600,,2538,23.53,8.974E-06,yes,calib; export,,,34.7,3058561,,,1432823792,1432827392,,
219 , Run150528_17-37-30 ,B,295,345,1845,0,vl13,433,73613,55522,73874,,2553,23.38,8.830E-06,yes,export,,,35.5,3132174,,,1432827452,1432901326,,
220 , Run150529_14-09-32 ,C,295,345,1845,0,l4,433,144354,27244,3600,,2514,23.55,9.045E-06,yes,calib; export,,,35.5,3132174,,,1432901372,1432904972,,
221 , Run150529_15-10-27 ,B,295,345,1845,0,vl13,433,88305,63666,88618,,2528,23.54,9.006E-06,yes,export,,,36.5,3220479,,,1432905029,1432993647,,
222 , Run150530_15-48-26 ,C,295,345,1845,0,l4,433,144440,26874,3600,,2491,23.73,9.244E-06,yes,calib; export,,,36.5,3220479,,,1432993707,1432997307,,
223 , Run150530_17-09-39 ,B,295,345,1845,0,vl13,433,165215,119520,165800,,2518,23.60,9.077E-06,yes,export,,,38.4,3385694,,,1432998581,1433164381,,
224 , Run150601_15-15-56 ,C,295,345,1845,0,l4,433,144352,26979,3600,,2480,23.80,9.317E-06,yes,calib; export,,,38.4,3385694,,,1433164556,1433168156,,
225 , Run150601_16-25-43 ,B,295,345,1845,0,vl13,433,83734,58003,84031,,2483,23.82,9.323E-06,yes,export,,,39.4,3469428,,,1433168745,1433252776,,
226 , Run150602_15-48-55 ,C,295,345,1845,0,l4,433,144429,26906,3600,,2437,24.22,9.603E-06,yes,calib; export,,,39.4,3469428,,,1433252935,1433256535,,
227 , Run150602_17-23-39 ,B,295,345,1845,0,vl13,433,66250,46168,66485,,2483,23.82,9.323E-06,yes,export,,,40.1,3535678,,,1433258621,1433325106,,
228 , Run150603_11-53-26 ,C,295,345,1845,0,l4,433,144484,27195,3600,,2466,24.05,9.433E-06,yes,calib; export,,,40.1,3535678,,,1433325206,1433328806,,
229 , Run150603_12-59-58 ,B,295,345,1845,0,vl13,433,89750,59812,90068,,2477,23.86,9.365E-06,yes,export,,,41.1,3625428,,,1433329200,1433419268,,
230 , Run150604_14-02-50 ,C,295,345,1845,0,l4,433,144487,27140,3600,,2440,24.19,9.591E-06,yes,calib; export,,,41.1,3625428,,,1433419370,1433422970,,
231 , Run150604_16-22-40 ,B,295,345,1845,0,vl13,433,75053,49754,75319,,2465,23.93,9.450E-06,yes,export,,,42.0,3700481,,,1433427762,1433503081,,
232 , Run150605_13-19-06 ,C,295,345,1845,0,l4,433,144426,26805,3600,,2407,24.42,9.860E-06,yes,calib; export,,,42.0,3700481,,,1433503146,1433506746,,
233 , Run150605_15-05-13 ,B,295,345,1845,0,vl13,433,145221,100237,145736,,2443,24.07,9.605E-06,yes,export,,,43.6,3845702,,,1433509515,1433655251,,
234 , Run150607_07-36-47 ,C,295,345,1845,0,l4,433,144403,27481,3600,,2452,24.21,9.584E-06,yes,calib; export,,,43.6,3845702,,,1433655407,1433659007,,
235 , Run150607_09-25-39 ,B,295,345,1845,0,vl13,433,124410,95105,124850,,2443,24.07,9.605E-06,yes,export,,,45.0,3970112,,,1433661942,1433786792,,
236 , Run150608_20-08-53 ,C,295,345,1845,0,l4,433,144417,27366,3599,,2431,24.36,9.693E-06,yes,calib; export,,,45.0,3970112,,,1433786934,1433790533,,
237 , Run150608_22-09-31 ,B,295,345,1845,0,vl13,433,69413,56732,69659,,2472,23.89,9.401E-06,yes,export,,,45.8,4039525,,,1433794173,1433863832,,
238 , Run150609_17-31-54 ,C,295,345,1845,0,l4,433,144419,26855,3600,,2459,24.12,9.515E-06,yes,calib; export,,,45.8,4039525,,,1433863914,1433867514,,
239 , Run150609_18-36-25 ,B,295,345,1845,0,vl13,433,219900,166150,220679,,2475,23.87,9.379E-06,yes,export,,,48.3,4259425,,,1433867787,1434088466,,
240 , Run150612_07-58-47 ,C,295,345,1845,0,l4,433,144413,27586,3600,,2494,23.91,9.223E-06,yes,calib; export,,,48.3,4259425,,,1434088727,1434092327,,
241 , Run150612_09-06-12 ,B,295,345,1845,0,vl13,433,74683,52955,74948,,2465,23.93,9.450E-06,yes,export,,,49.2,4334108,,,1434092774,1434167722,,
242 , Run150613_05-56-30 ,C,295,345,1845,0,l4,433,144453,26952,3600,,2464,23.96,9.415E-06,yes,calib; export,,,49.2,4334108,,,1434167790,1434171390,,
243 , Run150613_07-01-01 ,B,295,345,1845,0,vl13,433,82769,60598,83062,,2469,23.91,9.422E-06,yes,export,,,50.1,4416877,,,1434171663,1434254725,,
244 , Run150614_06-07-10 ,C,295,345,1845,0,l4,433,144497,27129,3600,,2458,24.07,9.496E-06,yes,calib; export,,,50.1,4416877,,,1434254830,1434258430,,
245 , Run150614_07-13-08 ,B,295,345,1845,0,vl13,433,123692,96334,124128,,2473,23.88,9.394E-06,yes,export,,,51.5,4540569,,,1434258790,1434382918,,
246 , Run150615_17-43-55 ,C,295,345,1845,0,l4,433,144474,27165,3600,,2451,24.02,9.445E-06,yes,calib; export,,,51.5,4540569,,,1434383035,1434386635,,
247 , Run150615_19-04-07 ,NB,295,345,1845,0,vl13,433,69612,55482,69860,,,,,yes,,Power Cut at SR8,,51.5,4540569,,,1434387849,1434457709,,
248 , Run150618_11-45-44 ,C,295,345,1845,0,l4,433,144395,27123,3600,,2632,22.57,8.264E-06,yes,calib; export,,,51.5,4540569,,,1434620744,1434624344,,
249 , Run150618_12-47-12 ,B,295,345,1845,0,vl13,433,191775,133436,192453,,2522,23.58,9.048E-06,yes,export,,,53.7,4732344,,,1434624434,1434816887,0,0
250 , Run150620_18-18-59 ,C,295,345,1845,0,l4,433,144503,26939,3600,,2531,23.40,8.959E-06,yes,calib; export,,,53.7,4732344,,,1434817139,1434820739,,
251 , Run150620_19-27-39 ,B,295,345,1845,0,vl13,433,48176,37149,48348,,2558,23.35,8.795E-06,yes,export,,,54.2,4780520,,,1434821261,1434869609,,
252 , Run150621_08-54-13 ,C,295,345,1845,0,l4,433,144478,27087,3600,,2540,23.21,8.831E-06,yes,calib; export,,,54.2,4780520,,,1434869653,1434873253,,
253 , Run150621_10-03-24 ,B,295,345,1845,0,vl13,433,108293,82968,108677,,2536,23.49,8.950E-06,yes,export,,,55.5,4888813,,,1434873806,1434982483,1,1
254 , Run150622_16-15-50 ,C,295,345,1845,0,l4,433,144422,27013,3600,,2493,23.70,9.205E-06,yes,calib; export,,,55.5,4888813,,,1434982550,1434986150,,
255 , Run150622_17-33-12 ,B,295,345,1845,0,vl13,433,69632,46227,69879,,2503,23.70,9.182E-06,yes,export,,,56.2,4958445,,,1434987194,1435057073,2,2
256 , Run150623_12-58-49 ,C,295,345,1845,0,l4,433,144442,27009,3600,,2478,23.73,9.209E-06,yes,calib; export,,,56.2,4958445,,,1435057129,1435060729,,
257 , Run150623_14-22-06 ,B,295,345,1845,0,vl13,433,85301,51203,85604,,2509,23.66,9.140E-06,yes,export,,,57.2,5043746,,,1435062128,1435147732,3,3
258 , Run150624_14-09-45 ,C,295,345,1845,0,l4,433,144447,26529,3600,,2497,23.43,9.088E-06,yes,calib; export,,,57.2,5043746,,,1435147785,1435151385,,
259 , Run150624_16-47-54 ,B,295,345,1845,0,vl13,433,72140,43398,72396,,2531,23.52,8.985E-06,yes,export,,,58.0,5115886,,,1435157276,1435229672,4,4
260 , Run150625_12-55-26 ,C,295,345,1845,0,l4,433,144439,26724,3600,,2500,23.48,9.090E-06,yes,calib; export,,,58.0,5115886,,,1435229726,1435233326,,
261 , Run150625_14-06-58 ,B,295,345,1845,0,vl13,433,78362,46829,78640,,2520,23.59,9.063E-06,yes,export,,,58.9,5194248,,,1435234020,1435312660,5,5
262 , Run150626_11-58-16 ,C,295,345,1845,0,l4,433,144461,26830,3600,,2497,23.50,9.117E-06,yes,calib; export,,,58.9,5194248,,,1435312697,1435316297,,
263 , Run150626_13-41-28 ,B,295,345,1845,0,vl13,433,95703,57825,96042,,2495,23.75,9.239E-06,yes,export,,,60.0,5289951,,,1435318890,1435414932,6,6
264 , Run150627_16-23-28 ,C,295,345,1845,0,l4,433,144492,26639,3600,,2447,24.05,9.489E-06,yes,calib; export,,,60.0,5289951,,,1435415008,1435418608,,
265 , Run150627_17-26-14 ,B,295,345,1845,0,vl13,433,83280,51765,83575,,2491,23.77,9.267E-06,yes,export,,,60.9,5373231,,,1435418776,1435502351,7,7
266 , Run150628_16-45-23 ,C,295,345,1845,0,l4,433,144452,26597,3600,,2463,23.83,9.362E-06,yes,calib; export,,,60.9,5373231,,,1435502723,1435506323,,
267 , Run150628_19-42-20 ,B,295,345,1845,0,vl13,433,66981,41417,67218,,2521,23.58,9.055E-06,yes,export,,,61.7,5440212,,,1435513342,1435580560,8,8
268 , Run150629_14-23-52 ,C,295,345,1845,0,l4,433,144493,26296,3600,,2471,23.81,9.281E-06,yes,calib; export,,,61.7,5440212,,,1435580632,1435584232,,
269 , Run150629_15-34-54 ,B,295,345,1845,0,vl13,433,82412,45839,82704,,2479,23.85,9.351E-06,yes,export,,,62.6,5522624,,,1435584896,1435667600,9,9
270 , Run150630_14-34-16 ,C,295,345,1845,0,l4,433,144507,26480,3600,,2437,24.05,9.555E-06,yes,calib; export,,,62.6,5522624,,,1435667656,1435671256,,
271 , Run150630_15-36-39 ,B,295,345,1845,0,vl13,433,82389,41623,82680,,2453,24.01,9.534E-06,yes,export,,,63.6,5605013,,,1435671401,1435754081,10,10
272 , Run150701_14-35-31 ,C,295,345,1845,0,l4,433,144537,26314,3600,,2429,24.13,9.640E-06,yes,calib; export,,,63.6,5605013,,,1435754131,1435757731,,
273 , Run150701_15-41-44 ,B,295,345,1845,0,vl13,433,78177,35703,78454,,2424,24.19,9.739E-06,yes,export,,,64.5,5683190,,,1435758106,1435836560,11,11
274 , Run150702_13-30-28 ,C,295,345,1845,0,l4,433,144511,26428,3600,,2411,24.32,9.718E-06,yes,calib; export,,,64.5,5683190,,,1435836628,1435840228,,
275 , Run150702_14-36-40 ,B,295,345,1845,0,vl13,433,72875,38171,73133,,2436,24.12,9.654E-06,yes,export,,,65.3,5756065,,,1435840602,1435913735,12,12
276 , Run150703_10-56-14 ,C,295,345,1845,0,l4,433,144454,26562,3600,,2402,24.38,9.811E-06,yes,calib; export,,,65.3,5756065,,,1435913774,1435917374,,
277 , Run150703_12-10-53 ,B,295,345,1845,0,vl13,433,83625,44122,83921,,2426,24.18,9.724E-06,yes,export,,,66.2,5839690,,,1435918255,1436002176,13,13
278 , Run150704_11-30-30 ,C,295,345,1845,0,l4,433,144527,26497,3600,,2427,24.15,9.616E-06,yes,calib; export,,,66.2,5839690,,,1436002230,1436005830,,
279 , Run150704_14-31-37 ,B,295,345,1845,0,vl13,433,76703,43727,76974,,2459,23.97,9.492E-06,yes,export,,,67.1,5916393,,,1436013099,1436090073,14,14
280 , Run150705_11-55-34 ,C,295,345,1845,0,l4,433,144431,26466,3600,,2430,23.99,9.592E-06,yes,calib; export,,,67.1,5916393,,,1436090134,1436093734,,
281 , Run150705_13-40-56 ,B,295,345,1845,0,vl13,433,73602,41626,73863,,2440,24.09,9.626E-06,yes,export,,,67.9,5989995,,,1436096458,1436170321,15,15
282 , Run150706_10-13-05 ,C,295,345,1845,0,l4,433,144436,26784,3600,,2418,24.12,9.679E-06,yes,calib; export,,,67.9,5989995,,,1436170385,1436173985,,
283 , Run150706_12-03-06 ,B,295,345,1845,0,vl13,433,94130,53902,94463,,2413,24.26,9.816E-06,yes,export,,,69.0,6084125,,,1436176988,1436271451,16,16
284 , Run150707_14-18-51 ,C,295,345,1845,0,l4,433,144418,26651,3600,,2399,24.39,9.880E-06,yes,calib; export,,,69.0,6084125,,,1436271531,1436275131,,
285 , Run150707_15-19-23 ,B,295,345,1845,0,vl13,433,79571,43849,79853,,2431,24.15,9.689E-06,yes,export,,,69.9,6163696,,,1436275165,1436355018,17,17
286 , Run150708_13-31-08 ,C,295,345,1845,0,l4,433,144440,26394,3600,,2442,24.01,9.520E-06,yes,calib; export,,,69.9,6163696,,,1436355068,1436358668,,
287 , Run150708_14-38-14 ,B,295,345,1845,0,vl13,433,84176,50973,84474,,2505,23.68,9.168E-06,yes,export,,,70.9,6247872,,,1436359096,1436443570,18,18
288 , Run150709_14-06-56 ,C,295,345,1845,0,l4,433,144437,26427,3600,,2503,23.44,9.067E-06,yes,calib; export,,,70.9,6247872,,,1436443616,1436447216,,
289 , Run150709_15-18-02 ,B,295,345,1845,0,vl13,433,78034,52390,78310,,2544,23.44,8.894E-06,yes,export,,,71.8,6325906,,,1436447884,1436526194,19,19
290 , Run150710_13-03-54 ,C,295,345,1845,0,l4,433,144391,26585,3600,,2521,23.19,8.953E-06,yes,calib; export,,,71.8,6325906,,,1436526234,1436529834,,
291 , Run150710_14-05-25 ,B,295,345,1845,0,vl13,433,184009,121198,184660,,2508,23.66,9.147E-06,yes,export,,,73.8,6509915,,,1436529927,1436714587,20;21,20;21
292 , Run150712_17-24-31 ,C,295,345,1845,0,l4,433,144341,26268,3600,,2474,23.94,9.362E-06,yes,calib; export,,,73.8,6509915,,,1436714671,1436718271,,
293 , Run150712_18-25-17 ,B,295,345,1845,0,vl13,433,66815,44497,67052,,2504,23.69,9.175E-06,yes,export,,,74.6,6576730,,,1436718319,1436785371,22,22
294 , Run150713_13-03-39 ,C,295,345,1845,0,l4,433,144396,26229,3600,,2488,23.81,9.308E-06,yes,calib; export,,,74.6,6576730,,,1436785419,1436789019,,
295 , Run150713_14-28-12 ,B,295,345,1845,0,vl13,433,81183,56645,81471,,2511,23.64,9.126E-06,yes,export,,,75.5,6657913,,,1436790494,1436871965,23,23
296 , Run150714_13-06-53 ,C,295,345,1845,0,l4,433,144380,26437,3600,,2468,24.06,9.415E-06,yes,calib; export,,,75.5,6657913,,,1436872013,1436875613,,
297 , Run150714_14-11-27 ,B,295,345,1845,0,vl13,433,82442,59500,82734,,2494,23.75,9.246E-06,yes,export,,,76.5,6740355,,,1436875889,1436958623,24,24
298 , Run150715_13-11-13 ,C,295,345,1845,0,l4,433,144413,26423,3600,,2475,24.08,9.390E-06,yes,calib; export,,,76.5,6740355,,,1436958673,1436962273,,
299 , Run150715_14-35-28 ,B,295,345,1845,0,vl13,433,84076,61564,84375,,2479,23.85,9.351E-06,yes,export,,,77.4,6824431,,,1436963730,1437048105,25,25
300 , Run150716_14-02-31 ,C,295,345,1845,0,l4,433,144408,26556,3600,,2449,24.14,9.604E-06,yes,calib; export,,,77.4,6824431,,,1437048151,1437051751,,
301 , Run150716_15-19-07 ,B,295,345,1845,0,vl13,433,81602,58100,81891,,2483,23.82,9.323E-06,yes,export,,,78.3,6906033,,,1437052749,1437134640,26,26
302 , Run150717_14-04-44 ,C,295,345,1845,0,l4,433,144390,26378,3600,,2428,24.37,9.719E-06,yes,calib; export,,,78.3,6906033,,,1437134684,1437138284,,
303 , Run150717_15-28-17 ,B,295,345,1845,0,vl13,433,88283,60950,88596,,2450,24.03,9.555E-06,yes,export,,,79.3,6994316,,,1437139699,1437228295,27,27
304 , Run150718_16-05-43 ,C,295,345,1845,0,l4,433,144425,26590,3600,,2425,24.53,9.749E-06,yes,calib; export,,,79.3,6994316,,,1437228343,1437231943,,
305 , Run150718_17-09-00 ,B,295,345,1845,0,vl13,433,159112,119330,159675,,2449,24.03,9.563E-06,yes,export,,,81.1,7153428,,,1437232142,1437391817,28;29,28;29
306 , Run150720_13-30-59 ,C,295,345,1845,0,l4,433,144375,26558,3600,,2444,24.29,9.622E-06,yes,calib; export,,,81.1,7153428,,,1437391859,1437395459,,
307 , Run150720_14-40-02 ,B,295,345,1845,0,vl13,433,80051,59431,80335,,2462,23.95,9.471E-06,yes,export,,,82.0,7233479,,,1437396004,1437476339,30,30
308 , Run150721_12-59-50 ,C,295,345,1845,0,l4,433,144351,26260,3600,,2428,24.31,9.745E-06,yes,calib; export,,,82.0,7233479,,,1437476390,1437479990,,
309 , Run150721_15-36-03 ,B,295,345,1845,0,vl13,433,78467,53403,78745,,2440,24.09,9.626E-06,yes,export,,,82.9,7311946,,,1437485765,1437564510,31,31
310 , Run150722_13-29-14 ,C,295,345,1845,0,l4,433,144365,26542,3600,,2425,24.43,9.764E-06,yes,calib; export,,,82.9,7311946,,,1437564554,1437568154,,
311 , Run150722_14-30-13 ,B,295,345,1845,0,vl13,433,81314,58180,81602,,2426,24.18,9.724E-06,yes,export,,,83.9,7393260,,,1437568215,1437649817,,
312 , Run150723_13-11-02 ,C,295,345,1845,0,l4,433,144355,26761,3600,,2413,24.60,9.900E-06,yes,calib; export,,,83.9,7393260,,,1437649862,1437653462,,
313 , Run150723_14-14-15 ,B,295,345,1845,0,vl13,433,85682,65695,85986,,2426,24.18,9.724E-06,yes,export,,,84.8,7478942,,,1437653657,1437739643,32,32
314 , Run150724_14-08-25 ,C,295,345,1845,0,l4,433,144357,26650,3600,,2425,24.56,9.818E-06,yes,calib; export,,,84.8,7478942,,,1437739705,1437743305,,
315 , Run150724_15-20-58 ,B,295,345,1845,0,vl13,433,88407,68309,88721,,2450,24.03,9.555E-06,yes,export,,,85.8,7567349,,,1437744060,1437832781,33,33
316 , Run150725_16-00-42 ,C,295,345,1845,0,l4,433,144353,26655,3600,,2495,23.92,9.308E-06,yes,calib; export,,,85.8,7567349,,,1437832842,1437836442,,
317 , Run150725_17-02-02 ,B,295,345,1845,0,vl13,433,143923,119736,144432,,2536,23.49,8.950E-06,yes,export,,,87.5,7711272,,,1437836524,1437980956,34,34
318 , Run150727_09-10-05 ,C,295,345,1845,0,l4,433,144359,26659,3600,,2491,23.75,9.324E-06,yes,calib; export,,,87.5,7711272,,,1437981005,1437984605,,
319 , Run150727_10-21-41 ,B,295,345,1845,0,vl13,433,94957,79440,95293,,2521,23.58,9.055E-06,yes,export,,,88.5,7806229,,,1437985303,1438080596,35,35
320 , Run150728_12-58-25 ,C,295,345,1845,0,l4,433,144403,26865,3600,,2527,23.73,9.138E-06,yes,calib; export,,,88.5,7806229,,,1438081105,1438084705,,
321 , Run150728_13-59-51 ,B,295,345,1845,0,vl13,433,89403,71087,89720,,2535,23.49,8.957E-06,yes,export,,,89.6,7895632,,,1438084793,1438174513,36,36
322 , Run150729_14-56-09 ,C,295,345,1845,0,l4,433,144365,26515,3600,,2503,23.82,9.190E-06,yes,calib; export,,,89.6,7895632,,,1438174569,1438178169,,
323 , Run150729_16-06-34 ,B,295,345,1845,0,vl13,433,64433,50165,64661,,2501,23.71,9.196E-06,yes,export,,,90.3,7960065,,,1438178796,1438243457,37,37
324 , Run150730_10-05-10 ,C,295,345,1845,0,l4,433,144356,26408,3600,,2496,23.83,9.285E-06,yes,calib; export,,,90.3,7960065,,,1438243510,1438247110,,
325 , Run150730_11-06-11 ,B,295,345,1845,0,vl13,433,113155,85728,113556,,2530,23.53,8.992E-06,yes,export,,,91.6,8073220,,,1438247173,1438360729,38,38
326 , Run150731_18-40-16 ,C,295,345,1845,0,l4,433,72416,13163,1806,,2520,23.64,9.077E-06,yes,calib; export,,,91.6,8073220,,,1438360816,1438362622,,
327 , Run150731_19-11-12 ,B,295,345,1845,0,vl13,433,83643,62487,83939,,2512,23.64,9.119E-06,yes,export,,,92.5,8156863,,,1438362674,1438446613,39,39
328 , Run150801_18-30-51 ,B,295,345,1845,0,vl13,433,65541,47143,65774,,2448,24.04,9.570E-06,yes,export,,,93.3,8222404,,,1438446653,1438512427,40,40
329 , Run150802_12-48-11 ,C,295,345,1845,0,l4,433,144330,26334,3600,,2438,24.43,9.681E-06,yes,calib; export,,,93.3,8222404,,,1438512491,1438516091,,
330 , Run150802_13-49-51 ,B,295,345,1845,0,vl13,433,97725,68982,98071,,2446,24.05,9.584E-06,yes,export,,,94.4,8320129,,,1438516193,1438614264,41,41
331 , Run150803_17-05-04 ,B,295,345,1845,0,vl13,433,54478,37170,54671,,2446,24.05,9.584E-06,yes,export,,,95.0,8374607,,,1438614306,1438668977,42,42
332 , Run150804_08-17-08 ,C,295,345,1845,0,l4,433,144369,26184,3600,,2430,24.39,9.715E-06,yes,calib; export,,,95.0,8374607,,,1438669028,1438672628,,
333 , Run150804_09-22-04 ,B,295,345,1845,0,vl13,433,106376,73235,106753,,2442,24.08,9.612E-06,yes,export,,,96.2,8480983,,,1438672926,1438779679,43,43
334 , Run150805_15-02-49 ,C,295,345,1845,0,l4,433,144388,26113,3600,,2418,24.42,9.839E-06,yes,calib; export,,,96.2,8480983,,,1438779769,1438783369,,
335 , Run150805_16-40-09 ,NB,295,345,1845,0,vl13,433,86724,53438,87031,,,,,yes,,Cathode tripped at ~10h due to accidential venting,,96.2,8480983,,,1438785611,1438872642,44,44
336 , Run150806_16-56-15 ,C,295,345,1845,0,l4,433,144449,25961,3600,,2404,24.48,9.864E-06,yes,calib; export,,,96.2,8480983,,,1438872975,1438876575,,
337 , Run150806_17-57-33 ,B,295,345,1845,0,vl13,433,74817,47785,75082,,2445,24.06,9.591E-06,yes,export,,,97.0,8555800,,,1438876655,1438951737,45,45
338 , Run150807_15-55-05 ,C,295,345,1845,0,l4,433,144424,26314,3600,,2424,24.41,9.759E-06,yes,calib; export,,,97.0,8555800,,,1438955705,1438959305,,
339 , Run150807_16-59-33 ,B,295,345,1845,0,vl13,433,68071,44596,68313,,2454,24.00,9.527E-06,yes,export,,,97.8,8623871,,,1438959575,1439027888,46,46
340 , Run150808_11-59-16 ,C,295,345,1845,0,l4,433,144377,26007,3600,,2433,24.23,9.647E-06,yes,calib; export,,,97.8,8623871,,,1439027956,1439031556,,
341 , Run150808_13-00-21 ,B,295,345,1845,0,vl13,433,82691,49134,82985,,2424,24.19,9.739E-06,yes,export,,,98.8,8706562,,,1439031623,1439114608,47,
342 , Run150809_12-04-22 ,C,295,345,1845,0,l4,433,144471,26224,3600,,2396,24.74,1.007E-05,yes,calib; export,,,98.8,8706562,,,1439114662,1439118262,,
343 , Run150809_13-54-46 ,B,295,345,1845,0,vl13,433,85289,49975,85591,,2383,24.45,1.003E-05,yes,export,,,99.7,8791851,,,1439121288,1439206879,48,47
344 , Run150810_13-42-19 ,C,295,345,1845,0,l4,433,144358,26149,3600,,2367,24.94,1.022E-05,yes,calib; export,,,99.7,8791851,,,1439206939,1439210539,,
345 , Run150810_15-04-40 ,B,295,345,1845,0,vl13,433,70211,42525,70460,,2403,24.32,9.886E-06,yes,export,,,100.5,8862062,,,1439211882,1439282342,49,48
346 , Run150811_10-40-11 ,C,295,345,1845,0,l4,433,144387,26680,3600,,2410,24.61,9.934E-06,yes,calib; export,,,100.5,8862062,,,1439282411,1439286011,,
347 , Run150811_11-52-46 ,B,295,345,1845,0,vl13,433,81224,56419,81512,,2424,24.19,9.739E-06,yes,export,,,101.4,8943286,,,1439286768,1439368280,50,49
348 , Run150812_10-32-17 ,C,295,345,1845,0,l4,433,144384,26048,3600,,2444,24.23,9.601E-06,yes,calib; export,,,101.4,8943286,,,1439368337,1439371937,,
349 , Run150812_11-33-21 ,B,295,345,1845,0,vl13,433,84787,60252,85087,,2477,23.86,9.365E-06,yes,export,,,102.4,9028073,,,1439372003,1439457090,51,50
350 , Run150813_11-13-01 ,C,295,345,1845,0,l4,433,144323,26217,3600,,2474,24.08,9.460E-06,yes,calib; export,,,102.4,9028073,,,1439457181,1439460781,,
351 , Run150813_12-14-11 ,B,295,345,1845,0,vl13,433,103121,73920,103486,,2476,23.86,9.372E-06,yes,export,,,103.6,9131194,,,1439460853,1439564339,52,51
352 , Run150814_17-00-17 ,C,295,345,1845,0,l4,433,144354,26309,3600,,2468,23.95,9.418E-06,yes,calib; export,,,103.6,9131194,,,1439564417,1439568017,,
353 , Run150814_18-02-25 ,B,295,345,1845,0,vl13,433,80279,65045,80563,,2446,24.05,9.584E-06,yes,export,,,104.5,9211473,,,1439568147,1439648710,53,
354 , Run150815_16-26-09 ,C,295,345,1845,0,l4,433,144355,25901,3600,,2457,24.20,9.545E-06,yes,calib; export,,,104.5,9211473,,,1439648769,1439652369,,
355 , Run150815_17-40-32 ,B,295,345,1845,0,vl13,433,69987,53623,70235,,2478,23.85,9.358E-06,yes,export,,,105.3,9281460,,,1439653234,1439723469,54,52
356 , Run150816_13-11-53 ,C,295,345,1845,0,l4,433,144346,26161,3600,,2455,24.13,9.582E-06,yes,calib; export,,,105.3,9281460,,,1439723513,1439727113,,
357 , Run150816_14-20-35 ,B,295,345,1845,0,vl13,433,71836,53905,72091,,2459,23.97,9.492E-06,yes,export,,,106.1,9353296,,,1439727637,1439799728,55,53
358 , Run150817_10-22-56 ,C,295,345,1845,0,l4,433,144373,26170,3600,,2427,24.32,9.718E-06,yes,calib; export,,,106.1,9353296,,,1439799776,1439803376,,
359 , Run150817_11-23-37 ,B,295,345,1845,0,vl13,433,76656,55564,76928,,2471,23.90,9.408E-06,yes,export,,,107.0,9429952,,,1439803419,1439880347,56,54
360 , Run150818_08-46-33 ,C,295,345,1845,0,l4,433,144365,26071,3600,,2449,24.23,9.554E-06,yes,calib; export,,,107.0,9429952,,,1439880393,1439883993,,
361 , Run150818_10-54-56 ,B,295,345,1845,0,vl13,433,87744,59940,88055,,2475,23.87,9.379E-06,yes,export,,,108.0,9517696,,,1439888099,1439976154,57,55
362 , Run150819_11-23-24 ,C,295,345,1845,0,l4,433,144371,25911,3600,,2473,24.01,9.404E-06,yes,calib; export,,,108.0,9517696,,,1439976204,1439979804,,
363 , Run150819_13-01-48 ,B,295,345,1845,0,vl13,433,71182,48373,71434,,2487,23.80,9.295E-06,yes,export,,,108.8,9588878,,,1439982110,1440053544,58,56
364 , Run150820_08-53-05 ,C,295,345,1845,0,l4,433,144384,26089,3600,,2491,23.84,9.260E-06,yes,calib; export,,,108.8,9588878,,,1440053585,1440057185,,
365 , Run150820_09-55-05 ,B,295,345,1845,0,vl13,433,92227,67403,92554,,2499,23.72,9.210E-06,yes,export,,,109.8,9681105,,,1440057307,1440149861,59,57
366 , Run150821_11-38-20 ,C,295,345,1845,0,l4,433,116368,21062,2902,,2480,24.01,9.359E-06,yes,calib; export,Run stopped due to Seg fault (inodes full),,109.8,9681105,,,1440149900,1440152802,,
367 , Run150821_13-16-43 ,B,295,345,1845,0,vl13,433,78694,53856,78969,,2490,23.78,9.274E-06,yes,export,,,110.7,9759799,,,1440155811,1440234780,60,58
368 , Run150822_11-14-17 ,C,295,345,1845,0,l4,433,144357,25877,3600,,2464,24.01,9.541E-06,yes,calib; export,,,110.7,9759799,,,1440234857,1440238457,,
369 , Run150822_12-17-09 ,B,295,345,1845,0,vl13,433,93247,68485,93577,,2488,23.79,9.288E-06,yes,export,,,111.8,9853046,,,1440238631,1440332208,61,59
370 , Run150823_14-17-39 ,C,295,345,1845,0,l4,433,144358,26478,3600,,2469,24.16,9.475E-06,yes,calib; export,,,111.8,9853046,,,1440332259,1440335859,,
371 , Run150823_15-25-20 ,B,295,345,1845,0,vl13,433,69353,48685,69599,,2441,24.08,9.619E-06,yes,export,,,112.5,9922399,,,1440336322,1440405921,62,60
372 , Run150824_10-46-00 ,C,295,345,1845,0,l4,433,144340,26279,3600,,2400,24.60,9.972E-06,yes,calib; export,,,112.5,9922399,,,1440405960,1440409560,,
373 , Run150824_11-54-45 ,B,295,345,1845,0,vl13,433,78394,57398,78672,,2428,24.17,9.710E-06,yes,export,,,113.4,10000793,,,1440410087,1440488759,63,61
374 , Run150825_09-47-50 ,C,295,345,1845,0,l4,433,144352,25732,3600,,2430,24.36,9.746E-06,yes,calib; export,,,113.4,10000793,,,1440488870,1440492470,,
375 , Run150825_10-50-51 ,B,295,345,1845,0,vl13,433,79949,57962,80233,,2487,23.80,9.295E-06,yes,export,,,114.3,10080742,,,1440492653,1440572886,64,62
376 , Run150826_09-10-46 ,C,295,345,1845,0,l4,433,144444,25984,3600,,2484,23.93,9.328E-06,yes,calib; export,,,114.3,10080742,,,1440573046,1440576646,,
377 , Run150826_10-21-12 ,B,295,345,1845,0,vl13,433,86747,64057,87055,,2484,23.81,9.316E-06,yes,export,,,115.3,10167489,,,1440577274,1440664329,65,63
378 , Run150827_10-33-18 ,C,295,345,1845,0,l4,433,144338,25830,3600,,2446,24.24,9.639E-06,yes,calib; export,,,115.3,10167489,,,1440664398,1440667998,,
379 , Run150827_11-36-32 ,B,295,345,1845,0,vl13,433,81964,59407,82255,,2443,24.07,9.605E-06,yes,export,,,116.3,10249453,,,1440668194,1440750449,66,64
380 , Run150828_10-28-38 ,C,295,345,1845,0,l4,433,144396,25698,3600,,2441,24.24,9.704E-06,yes,calib; export,,,116.3,10249453,,,1440750518,1440754118,,
381 , Run150828_11-42-11 ,B,295,345,1845,0,vl13,433,86750,61605,87058,,2441,24.08,9.619E-06,yes,export,,,117.2,10336203,,,1440754933,1440841991,67,65
382 , Run150829_11-54-00 ,C,295,345,1845,0,l4,433,144376,25887,3600,,2407,24.68,9.934E-06,yes,calib; export,,,117.2,10336203,,,1440842040,1440845640,,
383 , Run150829_13-04-49 ,B,295,345,1845,0,vl13,433,91093,59192,91416,,2409,24.29,9.844E-06,yes,export,,,118.3,10427296,,,1440846291,1440937707,68,66
384 , Run150830_14-29-20 ,C,295,345,1845,0,l4,433,144355,25670,3600,,2421,24.41,9.776E-06,yes,calib; export,,,118.3,10427296,,,1440937760,1440941360,,
385 , Run150830_15-35-00 ,B,295,345,1845,0,vl13,433,62086,42691,62307,,2429,24.16,9.703E-06,yes,export,,,119.0,10489382,,,1440941702,1441004009,69,67
386 , Run150831_08-54-27 ,C,295,345,1845,0,l4,433,144367,25624,3600,,2420,24.46,9.817E-06,yes,calib; export,,,119.0,10489382,,,1441004067,1441007667,,
387 , Run150831_11-15-56 ,B,295,345,1845,0,vl13,433,81688,55647,81977,,2448,24.04,9.570E-06,yes,export,,,119.9,10571070,,,1441012558,1441094535,70,68
388 , Run150901_10-03-08 ,C,295,345,1845,0,l4,433,144343,25736,3600,,2448,24.15,9.599E-06,yes,calib; export,,,119.9,10571070,,,1441094588,1441098188,,
389 , Run150901_11-14-56 ,B,295,345,1845,0,vl13,433,77853,57161,78129,,2447,24.05,9.577E-06,yes,export,,,120.8,10648923,,,1441098898,1441177027,71,69
390 , Run150902_08-58-01 ,C,295,345,1845,0,l4,433,144339,26120,3600,,2430,24.58,9.814E-06,yes,calib; export,,,120.8,10648923,,,1441177081,1441180681,,
391 , Run150902_10-47-55 ,B,295,345,1845,0,vl13,433,78881,63846,79161,,2466,23.93,9.443E-06,yes,export,,,121.7,10727804,,,1441183677,1441262838,72,70
392 , Run150903_08-48-23 ,C,295,345,1845,0,l4,433,144397,25826,3600,,2469,23.98,9.466E-06,yes,calib; export,,,121.7,10727804,,,1441262903,1441266503,,
393 , Run150903_09-58-20 ,NB,295,345,1845,0,vl13,433,32597,26387,32713,,,,,yes,,55Fe source accidentially put into calib position by TV at beginning of evening shift,,121.7,10727804,,,1441267102,1441299815,,
394 , Run150903_19-04-08 ,B,295,345,1845,0,vl13,433,50038,39265,50216,,2493,23.76,9.253E-06,yes,export,,,122.2,10777842,,,1441299850,1441350066,73,71
395 , Run150904_09-01-53 ,C,295,345,1845,0,l4,433,144371,25848,3600,,2479,23.99,9.348E-06,yes,calib; export,,,122.2,10777842,,,1441350113,1441353713,,
396 , Run150904_10-17-13 ,B,295,345,1845,0,vl13,433,79675,65972,79958,,2515,23.62,9.098E-06,yes,export,,,123.2,10857517,,,1441354635,1441434593,74,72
397 , Run150905_08-30-54 ,C,295,345,1845,0,l4,433,144457,25688,3600,,2506,23.79,9.165E-06,yes,calib; export,,,123.2,10857517,,,1441434654,1441438254,,
398 , Run150905_09-31-39 ,B,295,345,1845,0,vl13,433,83963,63405,84261,,2534,23.50,8.964E-06,yes,export,,,124.1,10941480,,,1441438301,1441522562,75,73
399 , Run150906_08-57-10 ,C,295,345,1845,0,l4,433,144345,25899,3600,,2530,23.51,9.036E-06,yes,calib; export,,,124.1,10941480,,,1441522630,1441526230,,
400 , Run150906_09-58-15 ,B,295,345,1845,0,vl13,433,90403,75281,90724,,2556,23.36,8.809E-06,yes,export,,,125.1,11031883,,,1441526297,1441617021,76,74
401 , Run150907_11-11-10 ,C,295,345,1845,0,l4,433,144378,25962,3600,,2561,23.45,8.826E-06,yes,calib; export,,,125.1,11031883,,,1441617070,1441620670,,
402 , Run150907_13-07-54 ,B,295,345,1845,0,vl13,433,71754,51253,72008,,2554,23.37,8.823E-06,yes,export,,,125.9,11103637,,,1441624076,1441696084,77,75
403 , Run150908_09-09-11 ,C,295,345,1845,0,l4,433,144351,25439,3600,,2508,23.74,9.184E-06,yes,calib; export,,,125.9,11103637,,,1441696151,1441699751,,
404 , Run150908_10-11-09 ,B,295,345,1845,0,vl13,433,87870,60383,88182,,2523,23.57,9.041E-06,yes,export,,,126.9,11191507,,,1441699871,1441788053,78,76
405 , Run150909_10-42-32 ,C,295,345,1845,0,l4,433,144383,25797,3600,,2503,23.70,9.191E-06,yes,calib; export,,,126.9,11191507,,,1441788152,1441791752,,
406 , Run150909_11-43-21 ,B,295,345,1845,0,vl13,433,87045,68152,87353,,2523,23.57,9.041E-06,yes,export,,,127.9,11278552,,,1441791803,1441879156,79,77
407 , Run150910_12-00-01 ,C,295,345,1845,0,l4,433,144363,25720,3600,,2514,23.73,9.101E-06,yes,calib; export,,,127.9,11278552,,,1441879201,1441882801,,
408 , Run150910_13-01-47 ,B,295,345,1845,0,vl13,433,86239,71362,86545,,2522,23.58,9.048E-06,yes,export,,,128.9,11364791,,,1441882909,1441969454,80,78
409 , Run150911_13-04-54 ,C,295,345,1845,0,l4,433,129411,22839,3227,,2476,24.00,9.372E-06,yes,calib; export,,,128.9,11364791,,,1441969494,1441972721,,
410 , Run150911_13-59-19 ,B,295,345,1845,0,vl13,433,169942,128535,170544,,2477,23.86,9.365E-06,yes,export,,,130.8,11534733,,,1441972761,1442143305,81,79
411 , Run150913_13-22-46 ,C,295,345,1845,0,l4,433,144402,25822,3600,,2419,24.63,9.848E-06,yes,calib; export,,,130.8,11534733,,,1442143366,1442146966,,
412 , Run150913_14-45-52 ,B,295,345,1845,0,vl13,433,73309,57969,73569,,2436,24.12,9.654E-06,yes,export,,,131.7,11608042,,,1442148354,1442221923,82,80
413 , Run150914_11-12-57 ,C,295,345,1845,0,l4,433,144364,25640,3600,,2431,24.31,9.752E-06,yes,calib; export,,,131.7,11608042,,,1442221977,1442225577,,
414 , Run150914_12-14-19 ,B,295,345,1845,0,vl13,433,73166,58695,73426,,2472,23.89,9.401E-06,yes,export,,,132.5,11681208,,,1442225661,1442299087,83,81
415 , Run150915_08-38-45 ,C,295,345,1845,0,l4,433,144376,25463,3600,,2461,24.08,9.492E-06,yes,calib; export,,,132.5,11681208,,,1442299125,1442302725,,
416 , Run150915_09-39-49 ,B,295,345,1845,0,vl13,433,83124,71549,83418,,2517,23.61,9.084E-06,yes,export,,,133.4,11764332,,,1442302791,1442386209,84,82
417 , Run150916_08-50-50 ,C,295,345,1845,0,l4,433,144362,25834,3600,,2489,23.94,9.385E-06,yes,calib; export,,,133.4,11764332,,,1442386250,1442389850,,
418 , Run150916_09-51-33 ,B,295,345,1845,0,vl13,433,91870,69044,92196,,2460,23.97,9.485E-06,yes,export,,,134.5,11856202,,,1442389895,1442482091,85,83
419 , Run150917_11-28-57 ,C,295,345,1845,0,l4,433,144363,25390,3600,,2471,24.02,9.454E-06,yes,calib; export,,,134.5,11856202,,,1442482137,1442485737,,
420 , Run150917_13-25-17 ,B,295,345,1845,0,vl13,433,70482,56005,70732,,2494,23.75,9.246E-06,yes,export,,,135.3,11926684,,,1442489119,1442559851,86,84
421 , Run150918_09-04-53 ,C,295,345,1845,0,l4,433,144365,25640,3600,,2484,24.02,9.374E-06,yes,calib; export,,,135.3,11926684,,,1442559893,1442563493,,
422 , Run150918_10-09-59 ,B,295,345,1845,0,vl13,433,92333,77217,92661,,2507,23.67,9.154E-06,yes,export,,,136.3,12019017,,,1442563801,1442656462,87,85
423 , Run150919_11-55-12 ,C,295,345,1845,0,l4,433,144367,25858,3600,,2516,23.78,9.171E-06,yes,calib; export,,,136.3,12019017,,,1442656512,1442660112,,
424 , Run150919_13-07-25 ,B,295,345,1845,0,vl13,433,96936,84048,97280,,2530,23.53,8.992E-06,yes,export,,,137.4,12115953,,,1442660847,1442758127,88,86
425 , Run150920_16-09-42 ,C,295,345,1845,0,l4,433,144378,25958,3600,,2512,23.89,9.184E-06,yes,calib; export,,,137.4,12115953,,,1442758182,1442761782,,
426 , Run150920_17-10-06 ,B,295,345,1845,0,vl13,433,56432,48109,56632,,2534,23.50,8.964E-06,yes,export,,,138.1,12172385,,,1442761808,1442818440,89,87
427 , Run150921_08-55-04 ,C,295,345,1845,0,l4,433,144374,25785,3600,,2519,23.71,9.116E-06,yes,calib; export,,,138.1,12172385,,,1442818504,1442822104,,
428 , Run150921_09-59-26 ,B,295,345,1845,0,vl13,433,19027,16561,19094,,2547,23.42,8.872E-06,yes,export,Run interrupted for XRT vacuum intervention,,138.3,12191412,,,1442822368,1442841462,,
429 , Run150921_15-39-55 ,B,295,345,1845,0,vl13,433,61831,57660,62050,,2543,23.44,8.901E-06,yes,export,,,139.0,12253243,,,1442842797,1442904847,90,88
430 , Run150922_08-55-26 ,C,295,345,1845,0,l4,433,144342,26287,3600,,2546,23.78,9.051E-06,yes,calib; export,,,139.0,12253243,,,1442904926,1442908526,,
431 , Run150922_09-56-26 ,B,295,345,1845,0,vl13,433,96762,91247,97105,,2545,23.43,8.886E-06,yes,export,,,140.1,12350005,,,1442908588,1443005693,91,89
432 , Run150923_12-55-40 ,C,295,345,1845,0,l4,433,144374,26312,3600,,2556,23.66,8.991E-06,yes,calib; export,,,140.1,12350005,,,1443005740,1443009340,,
433 , Run150923_14-05-58 ,B,295,345,1845,0,vl13,433,77199,71676,77472,,2555,23.37,8.816E-06,yes,export,,,141.0,12427204,,,1443009960,1443087432,92,90
434 , Run150924_11-38-02 ,C,295,345,1845,0,l4,433,144409,26073,3600,,2561,23.62,8.924E-06,yes,calib; export,,,141.0,12427204,,,1443087482,1443091082,,
435 , Run150924_12-47-26 ,B,295,345,1845,0,vl13,433,83432,76452,83728,,2556,23.36,8.809E-06,yes,export,,,141.9,12510636,,,1443091648,1443175376,93,91
436 , Run150925_12-03-44 ,C,295,345,1845,0,l4,433,144443,26072,3600,,2552,23.61,8.981E-06,yes,calib; export,,,141.9,12510636,,,1443175424,1443179024,,
437 , Run150925_13-41-03 ,B,295,345,1845,0,vl13,433,76150,71862,76420,,2566,23.30,8.739E-06,yes,export,,,142.8,12586786,,,1443181265,1443257685,94,92
438 , Run150926_10-55-34 ,C,295,345,1845,0,l4,433,144387,26184,3600,,2569,23.61,8.947E-06,yes,calib; export,,,142.8,12586786,,,1443257734,1443261334,,
439 , Run150926_11-58-13 ,B,295,345,1845,0,vl13,433,92308,87809,92636,,2555,23.37,8.816E-06,yes,export,,,143.8,12679094,,,1443261495,1443354131,95,93
440 , Run150927_13-44-00 ,C,295,345,1845,0,l4,433,144457,26182,3600,,2555,23.75,9.031E-06,yes,calib; export,,,143.8,12679094,,,1443354240,1443357840,,
441 , Run150927_14-46-40 ,B,295,345,1845,0,vl13,433,65504,63816,65737,,2569,23.28,8.717E-06,yes,export,,,144.6,12744598,,,1443358002,1443423739,96,94
442 , Run150928_09-03-08 ,C,295,345,1845,0,l4,433,144360,26148,3600,,2585,23.58,8.798E-06,yes,calib; export,,,144.6,12744598,,,1443423788,1443427388,,
443 , Run150928_10-05-35 ,B,295,345,1845,0,vl13,433,82825,80839,83118,,2602,23.07,8.485E-06,yes,export,,,145.5,12827423,,,1443427537,1443510655,97,95
444 , Run150929_09-11-53 ,C,295,345,1845,0,l4,433,134489,24527,3354,,2607,23.30,8.673E-06,yes,calib; export,,,145.5,12827423,,,1443510713,1443514067,,
445 , Run150929_10-08-42 ,B,295,345,1845,0,vl13,433,97882,93075,98229,,2594,23.12,8.541E-06,yes,export,,,146.6,12925305,,,1443514124,1443612353,98,96
446 , Run150930_13-28-34 ,C,295,345,1845,0,l4,433,144446,25749,3600,,2585,23.43,8.774E-06,yes,calib; export,,,146.6,12925305,,,1443612514,1443616114,,
447 , Run150930_14-30-03 ,B,295,345,1845,0,vl13,433,74429,69999,74693,,2581,23.21,8.633E-06,yes,export,,,147.5,12999734,,,1443616205,1443690898,99,97
448 , Run151001_11-15-46 ,C,295,345,1845,0,l4,433,144392,26022,3600,,2589,23.39,8.777E-06,yes,calib; export,,,147.5,12999734,,,1443690946,1443694546,,
449 , Run151001_12-53-42 ,B,295,345,1845,0,vl13,433,83589,80906,83885,,2596,23.11,8.527E-06,yes,export,,,148.4,13083323,,,1443696824,1443780709,100,98
450 , Run151002_12-12-43 ,C,295,345,1845,0,l4,433,144366,26186,3600,,2590,23.42,8.786E-06,yes,calib; export,,,148.4,13083323,,,1443780763,1443784363,,
451 , Run151002_13-23-48 ,B,295,345,1845,0,vl13,433,80993,79005,81280,,2590,23.15,8.570E-06,yes,export,,,149.3,13164316,,,1443785030,1443866310,101,99
452 , Run151003_11-59-35 ,C,295,345,1845,0,l4,433,144329,26265,3600,,2590,23.64,8.822E-06,yes,calib; export,,,149.3,13164316,,,1443866375,1443869975,,
453 , Run151003_14-26-33 ,B,295,345,1845,0,vl13,433,153027,148295,153569,,2563,23.32,8.760E-06,yes,export,,,151.1,13317343,,,1443875195,1444028764,102;103,100;101
454 , Run151005_09-07-44 ,C,295,345,1845,0,l4,433,144379,26263,3600,,2558,23.67,9.035E-06,yes,calib; export,,,151.1,13317343,,,1444028864,1444032464,,
455 , Run151005_10-18-03 ,B,295,345,1845,0,vl13,433,108401,104761,108785,,2519,23.59,9.070E-06,yes,export,,,152.3,13425744,,,1444033085,1444141870,104,102
456 , Run151006_16-31-53 ,B,295,345,1845,0,vl13,433,68658,67526,68902,,2512,23.64,9.119E-06,yes,export,,,153.1,13494402,,,1444141915,1444210817,105,103
457 , Run151007_11-41-26 ,C,295,345,1845,0,l4,433,144388,26329,3600,,2536,24.06,9.189E-06,yes,calib; export,,,153.1,13494402,,,1444210886,1444214486,,
458 , Run151007_14-36-13 ,B,295,345,1845,0,vl13,433,81293,80036,81581,,2575,23.24,8.675E-06,yes,export,,,154.0,13575695,,,1444221375,1444302956,106,104
459 , Run151008_13-20-21 ,C,295,345,1845,0,l4,433,144351,26259,3600,,2589,23.46,8.792E-06,yes,calib; export,,,154.0,13575695,,,1444303221,1444306821,,
460 , Run151008_14-29-05 ,B,295,345,1845,0,vl13,433,84866,80098,85166,,2567,23.29,8.732E-06,yes,export,,,154.9,13660561,,,1444307347,1444392513,107,105
461 , Run151009_14-09-32 ,C,295,345,1845,0,l4,433,144373,25871,3600,,2565,23.62,8.903E-06,yes,calib; export,,,154.9,13660561,,,1444392572,1444396172,,
462 , Run151009_15-58-20 ,B,295,345,1845,0,vl13,433,62541,60373,62763,,2571,23.27,8.703E-06,yes,export,,,155.7,13723102,,,1444399102,1444461865,,
463 , Run151010_09-25-20 ,C,295,345,1845,0,l4,433,144428,26251,3600,,2562,23.64,8.926E-06,yes,calib; export,,,155.7,13723102,,,1444461920,1444465520,,
464 , Run151010_10-26-22 ,B,295,345,1845,0,vl13,433,94716,93177,95052,,2573,23.26,8.689E-06,yes,export,,,156.7,13817818,,,1444465584,1444560636,,
465 , Run151011_12-54-29 ,C,295,345,1845,0,l4,433,144440,26649,3600,,2586,23.53,8.866E-06,yes,calib; export,,,156.7,13817818,,,1444560869,1444564469,,
466 , Run151011_14-10-59 ,B,295,345,1845,0,vl13,433,82073,81196,82364,,2586,23.17,8.598E-06,yes,export,,,157.7,13899891,,,1444565461,1444647825,,
467 , Run151012_13-05-42 ,C,295,345,1845,0,l4,433,144446,26308,3600,,2586,23.57,8.816E-06,yes,calib; export,,,157.7,13899891,,,1444647942,1444651542,,
468 , Run151012_14-21-14 ,B,295,345,1845,0,vl13,433,88260,87086,88572,,2579,23.22,8.647E-06,yes,export,,,158.7,13988151,,,1444652476,1444741048,108,106
469 , Run151013_14-59-51 ,C,295,345,1845,0,l4,433,144419,26148,3600,,2562,23.62,8.978E-06,yes,calib; export,,,158.7,13988151,,,1444741191,1444744791,,
470 , Run151013_16-03-43 ,B,295,345,1845,0,vl13,433,75188,73791,75454,,2591,23.14,8.563E-06,yes,export,,,159.5,14063339,,,1444745025,1444820479,109;110,107
471 , Run151014_13-04-47 ,C,295,345,1845,0,l4,433,144428,26048,3600,,2613,23.29,8.614E-06,yes,calib; export,,,159.5,14063339,,,1444820687,1444824287,,
472 , Run151014_14-13-49 ,B,295,345,1845,0,vl13,433,88856,86472,89171,,2624,22.94,8.330E-06,yes,export,,,160.5,14152195,,,1444824831,1444914002,111,108
473 , Run151015_15-03-24 ,C,295,345,1845,0,l4,433,93698,16988,2335,,2634,23.19,8.541E-06,yes,calib; export,Run stopped due to Seg fault (inodes full),,160.5,14152195,,,1444914204,1444916539,,
474 , Run151015_16-30-19 ,B,295,345,1845,0,vl13,433,77667,76274,77943,,2625,22.93,8.323E-06,yes,export,,,161.4,14229862,,,1444919421,1444997364,112,109
475 , Run151016_14-15-47 ,C,295,345,1845,0,l4,433,144498,26332,3600,,2618,23.32,8.626E-06,yes,calib; export,,,161.4,14229862,,,1444997747,1445001347,,
476 , Run151016_15-19-48 ,B,295,345,1845,0,vl13,433,73700,73700,75049,,2632,22.89,8.274E-06,yes,export,,,162.2,14303562,,,1445001590,1445076639,113,110
477 , Run151017_12-13-14 ,C,295,345,1845,0,l4,433,144498,26722,3600,,2640,23.23,8.532E-06,yes,calib; export,,,162.2,14303562,,,1445076794,1445080394,,
478 , Run151017_13-28-15 ,B,295,345,1845,0,vl13,433,83376,82408,83672,,2632,22.89,8.274E-06,yes,export,,,163.2,14386938,,,1445081297,1445164969,114,111
479 , Run151018_12-44-17 ,C,295,345,1845,0,l4,433,144555,26276,3600,,2606,23.24,8.697E-06,yes,calib; export,,,163.2,14386938,,,1445165057,1445168657,,
480 , Run151018_14-09-00 ,B,295,345,1845,0,vl13,433,87967,84427,88279,,2591,23.14,8.563E-06,yes,export,,,164.2,14474905,,,1445170142,1445258421,115,112
481 , Run151019_14-42-05 ,C,295,345,1845,0,l4,433,144350,26177,3600,,2592,23.44,8.745E-06,yes,calib; export,,,164.2,14474905,,,1445258525,1445262125,,
482 , Run151019_16-40-20 ,B,295,345,1845,0,vl13,433,64951,64123,65182,,2617,22.98,8.379E-06,yes,export,,,164.9,14539856,,,1445265622,1445330804,116,113
483 , Run151020_10-47-28 ,C,295,345,1845,0,l4,433,144364,26372,3600,,2614,23.25,8.600E-06,yes,calib; export,,,164.9,14539856,,,1445330848,1445334448,,
484 , Run151020_11-48-33 ,B,295,345,1845,0,vl13,433,80992,78979,81279,,2617,22.98,8.379E-06,yes,export,,,165.8,14620848,,,1445334515,1445415794,117,114
485 , Run151021_10-23-52 ,C,295,345,1845,0,l4,433,144380,25790,3600,,2619,23.28,8.647E-06,yes,calib; export,,,165.8,14620848,,,1445415832,1445419432,,
486 , Run151021_11-26-53 ,B,295,345,1845,0,vl13,433,84592,81206,84892,,2610,23.02,8.429E-06,yes,export,,,166.8,14705440,,,1445419615,1445504507,118,115
487 , Run151022_11-02-33 ,C,295,345,1845,0,l4,433,144347,25659,3600,,2596,23.31,8.724E-06,yes,calib; export,,,166.8,14705440,,,1445504553,1445508153,,
488 , Run151022_14-05-17 ,B,295,345,1845,0,vl13,433,72722,70685,72980,,2618,22.97,8.372E-06,yes,export,,,167.6,14778162,,,1445515519,1445588499,119,116
489 , Run151023_10-23-59 ,C,295,345,1845,0,l4,433,144340,26112,3600,,2616,23.37,8.639E-06,yes,calib; export,,,167.6,14778162,,,1445588639,1445592239,,
490 , Run151023_11-26-54 ,B,295,345,1845,0,vl13,433,92662,91042,92990,,2596,23.11,8.527E-06,yes,export,,,168.7,14870824,,,1445592416,1445685406,120,117
491 , Run151024_13-17-46 ,C,295,345,1845,0,l4,433,144326,25963,3600,,2585,23.56,8.849E-06,yes,calib; export,,,168.7,14870824,,,1445685466,1445689066,,
492 , Run151024_14-32-51 ,B,295,345,1845,0,vl13,433,160946,157823,161516,,2582,23.20,8.626E-06,yes,export,,,170.5,15031770,,,1445689973,1445851489,121; 122,118;119
493 , Run151026_10-25-40 ,C,295,345,1845,0,l4,433,144350,26212,3600,,2598,23.46,8.797E-06,yes,calib; export,,,170.5,15031770,,,1445851540,1445855140,,
494 , Run151026_11-31-11 ,B,295,345,1845,0,vl13,433,83020,81778,83315,,2589,23.16,8.577E-06,yes,export,Leak in bellow region appeared,,171.4,15114790,,,1445855473,1445938788,123,120
495 , Run151027_10-41-02 ,C,295,345,1845,0,l4,433,144365,25947,3600,,2585,23.49,8.867E-06,yes,calib; export,Vacuum systems off,,171.4,15114790,,,1445938862,1445942462,,
496 , Run151027_15-03-44 ,B,295,345,1845,0,vl13,433,70342,70003,70592,,2604,23.06,8.471E-06,yes,export,VT4 closed,,172.2,15185132,,,1445954626,1446025218,124,121
497 , Run151028_10-41-03 ,C,295,345,1845,0,l4,433,144375,25838,3600,,2572,23.61,8.889E-06,yes,calib; export,VT4 closed,,172.2,15185132,,,1446025263,1446028863,,
498 , Run151028_11-41-54 ,B,295,345,1845,0,vl13,433,15423,15325,15477,,2600,23.09,8.499E-06,yes,export,VT4 closed; Run stopped for vacuum intervention in bellow region,,172.4,15200555,,,1446028916,1446044393,,
499 , Run151028_16-08-10 ,B,295,345,1845,0,vl13,433,68137,67604,68379,,2589,23.16,8.577E-06,yes,export,VT4 closed,,173.2,15268692,,,1446044892,1446113271,125,122
500 , Run151029_11-08-35 ,C,295,345,1845,0,l4,433,144374,25846,3600,,2590,23.38,8.844E-06,yes,calib; export,VT4 closed,,173.2,15268692,,,1446113315,1446116915,,
501 , Run151029_13-05-48 ,B,295,345,1845,0,vl13,433,72740,72148,72998,,2602,23.07,8.485E-06,yes,export,VT4 closed,,174.0,15341432,,,1446120350,1446193348,126,123
502 , Run151030_09-23-09 ,C,295,345,1845,0,l4,433,144336,26084,3599,,2590,23.41,8.802E-06,yes,calib; export,VT4 closed,,174.0,15341432,,,1446193390,1446196989,,
503 , Run151030_10-25-36 ,B,295,345,1845,0,vl13,433,4746,4702,4762,,2597,23.11,8.520E-06,yes,export,VT4 closed,,174.1,15346178,,,1446197138,1446201900,,
504 , Run151030_13-37-31 ,B,295,345,1845,0,vl13,433,71057,69625,71309,,2587,23.17,8.591E-06,yes,export,VT4 closed until end of evening shift,,174.9,15417235,,,1446208653,1446279962,127,124
505 , Run151031_09-26-55 ,C,295,345,1845,0,l4,433,144428,26006,3600,,2595,23.51,8.790E-06,yes,calib; export,,,174.9,15417235,,,1446280015,1446283615,,
506 , Run151031_10-27-39 ,B,295,345,1845,0,vl13,433,168717,166231,169314,,2594,23.12,8.541E-06,yes,export,,,176.8,15585952,,,1446283661,1446452975,128; 129,125;126
507 , Run151102_09-30-15 ,C,295,345,1845,0,l4,433,144355,25941,3600,,2599,23.42,8.744E-06,yes,calib; export,,,176.8,15585952,,,1446453015,1446456615,,
508 , Run151102_10-32-21 ,B,295,345,1845,0,vl13,433,87816,85493,88127,,2591,23.14,8.563E-06,yes,export,,,177.8,15673768,,,1446456743,1446544870,130,127
509 , Run151103_11-01-59 ,C,295,345,1845,0,l4,433,144360,25511,3600,,2587,23.58,8.806E-06,yes,calib; export,,,177.8,15673768,,,1446544919,1446548519,,
510 , Run151103_12-08-55 ,B,295,345,1845,0,vl13,433,73868,72628,74130,,2600,23.09,8.499E-06,yes,export,,,178.6,15747636,,,1446548937,1446623067,131,128
511 , Run151104_08-45-19 ,C,295,345,1845,0,l4,433,144371,25903,3600,,2604,23.43,8.748E-06,yes,calib; export,,,178.6,15747636,,,1446623119,1446626719,,
512 , Run151104_09-50-18 ,B,295,345,1845,0,vl13,433,85784,84073,86089,,2584,23.19,8.612E-06,yes,export,,,179.6,15833420,,,1446627020,1446713109,132,129
513 , Run151105_09-45-53 ,C,295,345,1845,0,l4,433,144379,26094,3600,,2592,23.53,8.815E-06,yes,calib; export,,,179.6,15833420,,,1446713153,1446716753,,
514 , Run151105_11-21-05 ,B,295,345,1845,0,vl13,433,80258,78825,80542,,2586,23.17,8.598E-06,yes,export,,,180.5,15913678,,,1446718867,1446799409,133,130
515 , Run151106_09-44-13 ,C,295,345,1845,0,l4,433,144392,25757,3600,,2584,23.53,8.807E-06,yes,calib; export,,,180.5,15913678,,,1446799453,1446803053,,
516 , Run151106_12-00-42 ,B,295,345,1845,0,vl13,433,82652,80887,82945,,2594,23.12,8.541E-06,yes,export,,,181.4,15996330,,,1446807644,1446890589,134,131
517 , Run151107_11-04-01 ,C,295,345,1845,0,l4,433,144377,26020,3600,,2582,23.52,8.826E-06,yes,calib; export,,,181.4,15996330,,,1446890642,1446894242,,
518 , Run151107_13-01-58 ,B,295,345,1845,0,vl13,433,162828,158783,163404,,2585,23.18,8.605E-06,yes,export,,,183.3,16159158,,,1446897720,1447061124,135;136,132;133
519 , Run151109_10-26-03 ,C,295,345,1845,0,l4,433,144354,25714,3600,,2584,23.44,8.818E-06,yes,calib; export,,,183.3,16159158,,,1447061163,1447064763,,
520 , Run151109_11-26-44 ,B,295,345,1845,0,vl13,433,83493,80793,83789,,2583,23.19,8.619E-06,yes,export,,,184.2,16242651,,,1447064806,1447148595,137,134
521 , Run151110_10-43-50 ,C,295,345,1845,0,l4,433,144369,26868,3600,,2589,23.46,8.807E-06,yes,calib; export,,,184.2,16242651,,,1447148630,1447152230,,
522 , Run151110_11-44-35 ,B,295,345,1845,0,vl13,433,82072,81626,82363,,2599,23.09,8.506E-06,yes,export,,,185.2,16324723,,,1447152277,1447234640,138,135
523 , Run151111_10-38-13 ,C,295,345,1845,0,l4,433,144359,27086,3600,,2609,23.39,8.712E-06,yes,calib; export,,,185.2,16324723,,,1447234693,1447238293,,
524 , Run151111_11-39-01 ,NB,295,345,1845,0,vl13,433,34324,34196,34446,,,,,yes,,"Gas line was valved off after bottle exchange, Pdet decreased and triggered safety systems",,185.2,16324723,,,1447238343,1447272789,,136
525 , Run151111_21-31-47 ,B,295,345,1845,0,vl13,433,53664,53396,53855,,2597,23.11,8.520E-06,yes,export,,,185.8,16378387,,,1447273909,1447327764,139,
526 , Run151112_12-30-03 ,C,295,345,1845,0,l4,433,144356,26519,3600,,2604,23.34,8.685E-06,yes,calib; export,,,185.8,16378387,,,1447327803,1447331403,,
527 , Run151112_15-06-37 ,B,295,345,1845,0,vl13,433,66533,66260,66769,,2628,22.91,8.302E-06,yes,export,,,186.5,16444920,,,1447337199,1447403968,140,137
528 , Run151113_09-40-18 ,C,295,345,1845,0,l4,433,144370,26980,3600,,2630,23.15,8.635E-06,yes,calib; export,,,186.5,16444920,,,1447404018,1447407618,,
529 , Run151113_10-41-23 ,B,295,345,1845,0,vl13,433,83444,82612,83739,,2612,23.01,8.415E-06,yes,export,,,187.5,16528364,,,1447407685,1447491424,141,138
530 , Run151114_09-57-51 ,C,295,345,1845,0,l4,433,144358,25398,3600,,2602,23.37,8.766E-06,yes,calib; export,,,187.5,16528364,,,1447491471,1447495071,,
531 , Run151114_10-59-53 ,B,295,345,1845,0,vl13,433,83099,80503,83393,,2614,23.00,8.401E-06,yes,export,,,188.4,16611463,,,1447495195,1447578588,142,139
532 , Run151115_10-10-36 ,C,295,345,1845,0,l4,433,144345,25292,3600,,2623,23.27,8.616E-06,yes,calib; export,,,188.4,16611463,,,1447578636,1447582236,,
533 , Run151115_11-12-26 ,B,295,345,1845,0,vl13,433,83288,80418,83583,,2628,22.91,8.302E-06,yes,export,,,189.4,16694751,,,1447582348,1447665931,143,
534 , Run151116_10-26-29 ,C,295,345,1845,0,l4,433,129603,22877,3231,,2628,23.18,8.541E-06,yes,calib; export,Run stopped due to Seg fault (inodes full),,189.4,16694751,,,1447665989,1447669220,,
535 , Run151116_11-55-44 ,B,295,345,1845,0,vl13,433,81377,79841,81666,,2613,23.00,8.408E-06,yes,export,,,190.3,16776128,,,1447671346,1447753012,144,140
536 , Run151117_10-37-41 ,C,295,345,1845,0,l4,433,144371,25702,3600,,2606,23.21,8.677E-06,yes,calib; export,,,190.3,16776128,,,1447753061,1447756661,,
537 , Run151117_11-39-39 ,B,295,345,1845,0,vl13,433,100342,97775,100698,,2586,23.17,8.598E-06,yes,export,,,191.4,16876470,,,1447756781,1447857479,145,
538 , Run151118_15-38-32 ,B,295,345,1845,0,vl13,433,64919,63776,65149,,2588,23.16,8.584E-06,yes,export,,,192.2,16941389,,,1447857514,1447922663,146,141
539 , Run151119_09-45-39 ,C,295,345,1845,0,l4,433,144348,25762,3600,,2617,23.32,8.628E-06,yes,calib; export,,,192.2,16941389,,,1447922739,1447926339,,
540 , Run151119_10-57-43 ,B,295,345,1845,0,vl13,433,81352,80620,81641,,2604,23.06,8.471E-06,yes,export,,,193.1,17022741,,,1447927065,1448008706,147,142
541 , Run151120_09-39-28 ,C,295,345,1845,0,l4,433,144377,25476,3600,,2564,23.62,8.938E-06,yes,calib; export,,,193.1,17022741,,,1448008769,1448012369,,
542 , Run151120_11-11-42 ,X,295,345,1845,0,vl2,433,497974,285682,86900,,2647,22.79,8.168E-06,yes,export,X-ray finger run at 20158/26464,,,,,,1448014302,1448101202,,
543 , Run151121_11-21-34 ,C,295,345,1845,0,l4,433,72208,12850,1800,,2586,23.62,8.809E-06,yes,calib; export,,,,,,,1448101294,1448103094,,
544 , Run151121_11-54-55 ,X,295,345,1845,0,vl2,433,477336,283712,83301,,2702,22.45,7.781E-06,yes,export,X-ray finger run at 20158/52000,,,,,,1448103295,1448186596,,
545 , Run151122_11-12-09 ,NC,295,345,1845,0,l4,433,20094,428,501,,,,,yes,,Cathode tripped; CH2 of the HV module seems to have troubles; changed cathode to CH3,,,,,,1448187129,1448187630,,
546 , Run151122_11-28-15 ,C,295,345,1845,0,l4,433,58840,10712,1467,,2645,23.03,8.508E-06,yes,calib; export,,,,,,,1448188095,1448189562,,
547 , Run151122_11-55-04 ,X,295,345,1845,0,vl2,433,468613,258939,81777,,2725,22.30,7.619E-06,yes,export,X-ray finger run at 20158/3999,,,,,,1448189705,1448271482,,
548 , Run151123_10-39-40 ,C,295,345,1845,0,l4,433,144371,25563,3600,,2657,22.83,8.383E-06,yes,calib; export,Shutdown; Goodbye InGrid! So long & thanks for all the fish!,,,,,,1448271580,1448275180,,
