timestamp,medianEnergy,RunPeriod
1.5094e+09,3.0535e-06,30/10/2017
1.5094e+09,2.9542e-06,30/10/2017
1.5094e+09,3.0577e-06,30/10/2017
1.5094e+09,2.8532e-06,30/10/2017
1.5094e+09,2.908e-06,30/10/2017
1.5094e+09,2.8838e-06,30/10/2017
1.5094e+09,2.9067e-06,30/10/2017
1.5094e+09,3.1924e-06,30/10/2017
1.5094e+09,3.0771e-06,30/10/2017
1.5095e+09,2.841e-06,30/10/2017
1.5095e+09,2.8539e-06,30/10/2017
1.5095e+09,3.0283e-06,30/10/2017
1.5095e+09,2.9102e-06,30/10/2017
1.5095e+09,3.1522e-06,30/10/2017
1.5095e+09,3.0166e-06,30/10/2017
1.5095e+09,3.0401e-06,30/10/2017
1.5095e+09,2.8549e-06,30/10/2017
1.5095e+09,2.9708e-06,30/10/2017
1.5095e+09,2.8882e-06,30/10/2017
1.5095e+09,2.9558e-06,30/10/2017
1.5095e+09,3.1268e-06,30/10/2017
1.5095e+09,3.1248e-06,30/10/2017
1.5095e+09,2.9519e-06,30/10/2017
1.5096e+09,2.8424e-06,30/10/2017
1.5096e+09,2.7341e-06,30/10/2017
1.5096e+09,2.9889e-06,30/10/2017
1.5096e+09,3.0134e-06,30/10/2017
1.5096e+09,2.8063e-06,30/10/2017
1.5096e+09,2.7193e-06,30/10/2017
1.5096e+09,2.9979e-06,30/10/2017
1.5096e+09,2.8787e-06,30/10/2017
1.5096e+09,2.9999e-06,30/10/2017
1.5096e+09,2.8812e-06,30/10/2017
1.5096e+09,2.7943e-06,30/10/2017
1.5096e+09,2.8545e-06,30/10/2017
1.5096e+09,2.6991e-06,30/10/2017
1.5096e+09,2.7717e-06,30/10/2017
1.5097e+09,3.0392e-06,30/10/2017
1.5097e+09,2.8197e-06,30/10/2017
1.5097e+09,2.9657e-06,30/10/2017
1.5097e+09,2.7765e-06,30/10/2017
1.5097e+09,3.1118e-06,30/10/2017
1.5097e+09,2.8362e-06,30/10/2017
1.5097e+09,3.0777e-06,30/10/2017
1.5097e+09,2.7385e-06,30/10/2017
1.5097e+09,2.7764e-06,30/10/2017
1.5097e+09,2.863e-06,30/10/2017
1.5097e+09,2.7589e-06,30/10/2017
1.5097e+09,2.7574e-06,30/10/2017
1.5097e+09,3.1172e-06,30/10/2017
1.5097e+09,2.7628e-06,30/10/2017
1.5097e+09,2.9116e-06,30/10/2017
1.5098e+09,2.725e-06,30/10/2017
1.5098e+09,2.8346e-06,30/10/2017
1.5098e+09,2.9129e-06,30/10/2017
1.5098e+09,2.8637e-06,30/10/2017
1.5098e+09,2.7221e-06,30/10/2017
1.5098e+09,2.8717e-06,30/10/2017
1.5098e+09,2.7635e-06,30/10/2017
1.5098e+09,2.8038e-06,30/10/2017
1.5098e+09,2.8751e-06,30/10/2017
1.5098e+09,2.6971e-06,30/10/2017
1.5098e+09,2.7564e-06,30/10/2017
1.5098e+09,2.6462e-06,30/10/2017
1.5098e+09,2.7665e-06,30/10/2017
1.5098e+09,2.7745e-06,30/10/2017
1.5099e+09,2.7483e-06,30/10/2017
1.5099e+09,2.8236e-06,30/10/2017
1.5099e+09,2.825e-06,30/10/2017
1.5099e+09,2.7404e-06,30/10/2017
1.5099e+09,2.7652e-06,30/10/2017
1.5099e+09,2.8394e-06,30/10/2017
1.5099e+09,2.6907e-06,30/10/2017
1.5099e+09,2.734e-06,30/10/2017
1.5099e+09,2.7407e-06,30/10/2017
1.5099e+09,2.7002e-06,30/10/2017
1.5099e+09,2.9397e-06,30/10/2017
1.5099e+09,3.0201e-06,30/10/2017
1.5099e+09,2.7194e-06,30/10/2017
1.5099e+09,2.8957e-06,30/10/2017
1.51e+09,2.7953e-06,30/10/2017
1.51e+09,2.9626e-06,30/10/2017
1.51e+09,2.9689e-06,30/10/2017
1.51e+09,2.9134e-06,30/10/2017
1.51e+09,2.933e-06,30/10/2017
1.51e+09,2.9857e-06,30/10/2017
1.51e+09,2.8213e-06,30/10/2017
1.51e+09,2.9971e-06,30/10/2017
1.51e+09,3.0236e-06,30/10/2017
1.51e+09,3.0757e-06,30/10/2017
1.51e+09,2.8511e-06,30/10/2017
1.51e+09,2.9888e-06,30/10/2017
1.51e+09,2.813e-06,30/10/2017
1.51e+09,2.864e-06,30/10/2017
1.51e+09,2.8071e-06,30/10/2017
1.5101e+09,2.8033e-06,30/10/2017
1.5101e+09,3.0196e-06,30/10/2017
1.5101e+09,2.8511e-06,30/10/2017
1.5101e+09,2.8637e-06,30/10/2017
1.5101e+09,2.5848e-06,30/10/2017
1.5101e+09,2.7634e-06,30/10/2017
1.5101e+09,2.6592e-06,30/10/2017
1.5101e+09,2.8584e-06,30/10/2017
1.5101e+09,2.8489e-06,30/10/2017
1.5101e+09,2.8509e-06,30/10/2017
1.5101e+09,2.8292e-06,30/10/2017
1.5101e+09,2.8793e-06,30/10/2017
1.5101e+09,2.8339e-06,30/10/2017
1.5102e+09,2.818e-06,30/10/2017
1.5102e+09,2.8109e-06,30/10/2017
1.5102e+09,2.8679e-06,30/10/2017
1.5102e+09,3.1003e-06,30/10/2017
1.5102e+09,3.0169e-06,30/10/2017
1.5102e+09,2.9059e-06,30/10/2017
1.5102e+09,2.966e-06,30/10/2017
1.5102e+09,2.9518e-06,30/10/2017
1.5102e+09,2.8901e-06,30/10/2017
1.5102e+09,2.8454e-06,30/10/2017
1.5102e+09,2.7776e-06,30/10/2017
1.5102e+09,2.7901e-06,30/10/2017
1.5102e+09,2.8951e-06,30/10/2017
1.5102e+09,2.6148e-06,30/10/2017
1.5103e+09,2.8198e-06,30/10/2017
1.5103e+09,2.5775e-06,30/10/2017
1.5103e+09,2.7959e-06,30/10/2017
1.5103e+09,2.8602e-06,30/10/2017
1.5103e+09,2.7217e-06,30/10/2017
1.5103e+09,2.8092e-06,30/10/2017
1.5103e+09,2.779e-06,30/10/2017
1.5103e+09,2.6136e-06,30/10/2017
1.5103e+09,2.9119e-06,30/10/2017
1.5103e+09,2.6705e-06,30/10/2017
1.5103e+09,2.4983e-06,30/10/2017
1.5103e+09,2.7977e-06,30/10/2017
1.5103e+09,2.7452e-06,30/10/2017
1.5103e+09,2.6148e-06,30/10/2017
1.5104e+09,2.823e-06,30/10/2017
1.5104e+09,2.6762e-06,30/10/2017
1.5104e+09,2.3228e-06,30/10/2017
1.5104e+09,2.767e-06,30/10/2017
1.5104e+09,2.8136e-06,30/10/2017
1.5104e+09,2.7981e-06,30/10/2017
1.5104e+09,2.7319e-06,30/10/2017
1.5104e+09,2.6524e-06,30/10/2017
1.5104e+09,2.7517e-06,30/10/2017
1.5104e+09,2.692e-06,30/10/2017
1.5104e+09,2.732e-06,30/10/2017
1.5104e+09,2.8411e-06,30/10/2017
1.5104e+09,2.9059e-06,30/10/2017
1.5104e+09,2.8398e-06,30/10/2017
1.5104e+09,2.73e-06,30/10/2017
1.5105e+09,2.641e-06,30/10/2017
1.5105e+09,2.7486e-06,30/10/2017
1.5105e+09,2.7453e-06,30/10/2017
1.5105e+09,2.6886e-06,30/10/2017
1.5105e+09,2.672e-06,30/10/2017
1.5105e+09,2.7039e-06,30/10/2017
1.5105e+09,2.8404e-06,30/10/2017
1.5105e+09,2.6575e-06,30/10/2017
1.5105e+09,2.8789e-06,30/10/2017
1.5105e+09,2.8115e-06,30/10/2017
1.5106e+09,2.7242e-06,30/10/2017
1.5106e+09,2.9258e-06,30/10/2017
1.5106e+09,2.8704e-06,30/10/2017
1.5106e+09,3.0246e-06,30/10/2017
1.5106e+09,2.8019e-06,30/10/2017
1.5106e+09,2.6628e-06,30/10/2017
1.5106e+09,3.0952e-06,30/10/2017
1.5106e+09,3.0434e-06,30/10/2017
1.5106e+09,2.9252e-06,30/10/2017
1.5106e+09,2.8246e-06,30/10/2017
1.5106e+09,2.801e-06,30/10/2017
1.5106e+09,2.7858e-06,30/10/2017
1.5106e+09,2.8938e-06,30/10/2017
1.5106e+09,2.9983e-06,30/10/2017
1.5107e+09,2.7787e-06,30/10/2017
1.5107e+09,2.8265e-06,30/10/2017
1.5107e+09,3.0646e-06,30/10/2017
1.5107e+09,2.7862e-06,30/10/2017
1.5107e+09,2.9539e-06,30/10/2017
1.5107e+09,3.0501e-06,30/10/2017
1.5107e+09,2.8562e-06,30/10/2017
1.5107e+09,2.6749e-06,30/10/2017
1.5107e+09,2.8966e-06,30/10/2017
1.5107e+09,2.9733e-06,30/10/2017
1.5107e+09,2.8033e-06,30/10/2017
1.5107e+09,2.8187e-06,30/10/2017
1.5107e+09,3.1476e-06,30/10/2017
1.5107e+09,2.6772e-06,30/10/2017
1.5107e+09,2.9678e-06,30/10/2017
1.5108e+09,2.9338e-06,30/10/2017
1.5108e+09,3.1134e-06,30/10/2017
1.5108e+09,2.9296e-06,30/10/2017
1.5108e+09,2.8192e-06,30/10/2017
1.5108e+09,2.9155e-06,30/10/2017
1.5108e+09,2.8244e-06,30/10/2017
1.5108e+09,2.9682e-06,30/10/2017
1.5108e+09,2.9162e-06,30/10/2017
1.5108e+09,2.9252e-06,30/10/2017
1.5108e+09,2.9065e-06,30/10/2017
1.5108e+09,3.0069e-06,30/10/2017
1.5108e+09,3.0374e-06,30/10/2017
1.5108e+09,2.8359e-06,30/10/2017
1.5108e+09,3.0333e-06,30/10/2017
1.5109e+09,2.861e-06,30/10/2017
1.5109e+09,2.7889e-06,30/10/2017
1.5109e+09,2.772e-06,30/10/2017
1.5109e+09,2.9366e-06,30/10/2017
1.5109e+09,2.8912e-06,30/10/2017
1.5109e+09,2.7468e-06,30/10/2017
1.5109e+09,2.7266e-06,30/10/2017
1.5109e+09,2.8812e-06,30/10/2017
1.5109e+09,2.9454e-06,30/10/2017
1.5109e+09,2.8744e-06,30/10/2017
1.5109e+09,2.9359e-06,30/10/2017
1.5109e+09,2.723e-06,30/10/2017
1.5109e+09,2.7513e-06,30/10/2017
1.511e+09,2.9781e-06,30/10/2017
1.511e+09,3.0161e-06,30/10/2017
1.511e+09,2.9149e-06,30/10/2017
1.511e+09,2.8868e-06,30/10/2017
1.511e+09,2.869e-06,30/10/2017
1.511e+09,2.81e-06,30/10/2017
1.511e+09,2.8959e-06,30/10/2017
1.511e+09,2.9119e-06,30/10/2017
1.511e+09,2.6842e-06,30/10/2017
1.511e+09,2.6507e-06,30/10/2017
1.511e+09,2.7821e-06,30/10/2017
1.511e+09,2.7471e-06,30/10/2017
1.511e+09,2.8942e-06,30/10/2017
1.511e+09,2.9402e-06,30/10/2017
1.5111e+09,2.974e-06,30/10/2017
1.5111e+09,2.8798e-06,30/10/2017
1.5111e+09,2.8349e-06,30/10/2017
1.5111e+09,2.9168e-06,30/10/2017
1.5111e+09,3.013e-06,30/10/2017
1.5111e+09,2.6955e-06,30/10/2017
1.5111e+09,2.755e-06,30/10/2017
1.5111e+09,2.863e-06,30/10/2017
1.5111e+09,2.8795e-06,30/10/2017
1.5111e+09,2.7383e-06,30/10/2017
1.5111e+09,2.9432e-06,30/10/2017
1.5111e+09,2.9197e-06,30/10/2017
1.5111e+09,2.7166e-06,30/10/2017
1.5111e+09,2.8408e-06,30/10/2017
1.5112e+09,2.8561e-06,30/10/2017
1.5112e+09,2.9052e-06,30/10/2017
1.5112e+09,2.9803e-06,30/10/2017
1.5112e+09,2.9418e-06,30/10/2017
1.5112e+09,2.8086e-06,30/10/2017
1.5112e+09,2.8216e-06,30/10/2017
1.5112e+09,3.0486e-06,30/10/2017
1.5112e+09,2.9377e-06,30/10/2017
1.5112e+09,3.0191e-06,30/10/2017
1.5112e+09,2.7209e-06,30/10/2017
1.5112e+09,2.6965e-06,30/10/2017
1.5112e+09,2.7581e-06,30/10/2017
1.5112e+09,2.7551e-06,30/10/2017
1.5112e+09,2.9436e-06,30/10/2017
1.5113e+09,2.6776e-06,30/10/2017
1.5113e+09,2.9339e-06,30/10/2017
1.5113e+09,2.9576e-06,30/10/2017
1.5113e+09,2.7216e-06,30/10/2017
1.5113e+09,2.719e-06,30/10/2017
1.5113e+09,2.8788e-06,30/10/2017
1.5113e+09,2.8171e-06,30/10/2017
1.5113e+09,3.1125e-06,30/10/2017
1.5113e+09,2.6836e-06,30/10/2017
1.5113e+09,2.7972e-06,30/10/2017
1.5113e+09,2.9234e-06,30/10/2017
1.5113e+09,2.7853e-06,30/10/2017
1.5113e+09,2.665e-06,30/10/2017
1.5113e+09,2.9275e-06,30/10/2017
1.5114e+09,2.8918e-06,30/10/2017
1.5114e+09,2.8436e-06,30/10/2017
1.5114e+09,2.7109e-06,30/10/2017
1.5114e+09,2.8978e-06,30/10/2017
1.5114e+09,2.7729e-06,30/10/2017
1.5114e+09,2.8585e-06,30/10/2017
1.5114e+09,2.781e-06,30/10/2017
1.5114e+09,2.7561e-06,30/10/2017
1.5114e+09,2.7874e-06,30/10/2017
1.5114e+09,2.8244e-06,30/10/2017
1.5114e+09,2.9727e-06,30/10/2017
1.5115e+09,2.7511e-06,30/10/2017
1.5115e+09,2.6589e-06,30/10/2017
1.5115e+09,2.919e-06,30/10/2017
1.5115e+09,2.9139e-06,30/10/2017
1.5115e+09,2.8524e-06,30/10/2017
1.5115e+09,2.872e-06,30/10/2017
1.5115e+09,2.8708e-06,30/10/2017
1.5115e+09,2.7187e-06,30/10/2017
1.5115e+09,2.825e-06,30/10/2017
1.5115e+09,2.7877e-06,30/10/2017
1.5115e+09,2.7925e-06,30/10/2017
1.5115e+09,2.8019e-06,30/10/2017
1.5115e+09,2.7441e-06,30/10/2017
1.5116e+09,2.8696e-06,30/10/2017
1.5116e+09,2.8633e-06,30/10/2017
1.5116e+09,2.8681e-06,30/10/2017
1.5116e+09,2.6601e-06,30/10/2017
1.5116e+09,2.9035e-06,30/10/2017
1.5116e+09,2.8789e-06,30/10/2017
1.5116e+09,2.9432e-06,30/10/2017
1.5116e+09,2.7397e-06,30/10/2017
1.5116e+09,2.9266e-06,30/10/2017
1.5116e+09,2.7e-06,30/10/2017
1.5116e+09,2.7744e-06,30/10/2017
1.5116e+09,2.8696e-06,30/10/2017
1.5116e+09,3.0047e-06,30/10/2017
1.5116e+09,2.8288e-06,30/10/2017
1.5117e+09,2.6935e-06,30/10/2017
1.5117e+09,2.7605e-06,30/10/2017
1.5117e+09,2.6639e-06,30/10/2017
1.5117e+09,2.7873e-06,30/10/2017
1.5117e+09,2.9268e-06,30/10/2017
1.5117e+09,2.8506e-06,30/10/2017
1.5117e+09,3.0438e-06,30/10/2017
1.5117e+09,2.7425e-06,30/10/2017
1.5117e+09,2.7186e-06,30/10/2017
1.5117e+09,2.8663e-06,30/10/2017
1.5117e+09,3.1418e-06,30/10/2017
1.5117e+09,2.9797e-06,30/10/2017
1.5117e+09,2.7694e-06,30/10/2017
1.5117e+09,2.7418e-06,30/10/2017
1.5118e+09,2.8416e-06,30/10/2017
1.5118e+09,3.0158e-06,30/10/2017
1.5118e+09,3.047e-06,30/10/2017
1.5118e+09,2.9291e-06,30/10/2017
1.5118e+09,2.8374e-06,30/10/2017
1.5118e+09,2.8577e-06,30/10/2017
1.5118e+09,2.8838e-06,30/10/2017
1.5118e+09,2.9592e-06,30/10/2017
1.5118e+09,3.0043e-06,30/10/2017
1.5118e+09,2.9356e-06,30/10/2017
1.5118e+09,2.863e-06,30/10/2017
1.5118e+09,2.8696e-06,30/10/2017
1.5118e+09,2.7642e-06,30/10/2017
1.5118e+09,2.9463e-06,30/10/2017
1.5119e+09,2.8151e-06,30/10/2017
1.5119e+09,2.7496e-06,30/10/2017
1.5119e+09,2.7352e-06,30/10/2017
1.5119e+09,2.808e-06,30/10/2017
1.5119e+09,2.7266e-06,30/10/2017
1.5119e+09,2.9056e-06,30/10/2017
1.5119e+09,3.0568e-06,30/10/2017
1.5119e+09,2.8504e-06,30/10/2017
1.5119e+09,2.7089e-06,30/10/2017
1.5119e+09,2.7428e-06,30/10/2017
1.5119e+09,2.9108e-06,30/10/2017
1.5119e+09,2.9042e-06,30/10/2017
1.5119e+09,2.8783e-06,30/10/2017
1.5119e+09,3.0239e-06,30/10/2017
1.512e+09,2.7435e-06,30/10/2017
1.512e+09,2.6851e-06,30/10/2017
1.512e+09,3.0145e-06,30/10/2017
1.512e+09,2.9733e-06,30/10/2017
1.512e+09,3.0152e-06,30/10/2017
1.512e+09,2.9912e-06,30/10/2017
1.512e+09,2.7622e-06,30/10/2017
1.512e+09,2.8087e-06,30/10/2017
1.512e+09,3.0254e-06,30/10/2017
1.512e+09,2.7645e-06,30/10/2017
1.512e+09,2.7584e-06,30/10/2017
1.512e+09,2.7277e-06,30/10/2017
1.512e+09,2.8604e-06,30/10/2017
1.5121e+09,2.8166e-06,30/10/2017
1.5121e+09,2.9803e-06,30/10/2017
1.5121e+09,2.975e-06,30/10/2017
1.5121e+09,2.9339e-06,30/10/2017
1.5121e+09,2.7148e-06,30/10/2017
1.5121e+09,2.7744e-06,30/10/2017
1.5121e+09,2.9911e-06,30/10/2017
1.5121e+09,2.9601e-06,30/10/2017
1.5121e+09,2.74e-06,30/10/2017
1.5121e+09,2.8844e-06,30/10/2017
1.5121e+09,2.9758e-06,30/10/2017
1.5121e+09,2.9818e-06,30/10/2017
1.5121e+09,2.8301e-06,30/10/2017
1.5121e+09,2.7751e-06,30/10/2017
1.5121e+09,2.9289e-06,30/10/2017
1.5122e+09,2.7645e-06,30/10/2017
1.5122e+09,2.8385e-06,30/10/2017
1.5122e+09,2.8786e-06,30/10/2017
1.5122e+09,3.0572e-06,30/10/2017
1.5122e+09,2.8776e-06,30/10/2017
1.5122e+09,2.8423e-06,30/10/2017
1.5122e+09,2.8349e-06,30/10/2017
1.5122e+09,2.9582e-06,30/10/2017
1.5122e+09,2.7362e-06,30/10/2017
1.5122e+09,2.7613e-06,30/10/2017
1.5122e+09,2.9776e-06,30/10/2017
1.5122e+09,3.0651e-06,30/10/2017
1.5122e+09,2.9178e-06,30/10/2017
1.5122e+09,2.7253e-06,30/10/2017
1.5123e+09,2.9803e-06,30/10/2017
1.5123e+09,3.0275e-06,30/10/2017
1.5123e+09,3.0045e-06,30/10/2017
1.5123e+09,3.0808e-06,30/10/2017
1.5123e+09,2.9256e-06,30/10/2017
1.5123e+09,2.9251e-06,30/10/2017
1.5123e+09,2.9516e-06,30/10/2017
1.5123e+09,2.9942e-06,30/10/2017
1.5123e+09,3.0251e-06,30/10/2017
1.5123e+09,2.8001e-06,30/10/2017
1.5123e+09,2.7671e-06,30/10/2017
1.5123e+09,3.0581e-06,30/10/2017
1.5123e+09,2.9183e-06,30/10/2017
1.5123e+09,2.8933e-06,30/10/2017
1.5124e+09,2.8756e-06,30/10/2017
1.5124e+09,2.9005e-06,30/10/2017
1.5124e+09,2.7918e-06,30/10/2017
1.5124e+09,2.9931e-06,30/10/2017
1.5124e+09,3.1824e-06,30/10/2017
1.5124e+09,3.0483e-06,30/10/2017
1.5124e+09,2.7858e-06,30/10/2017
1.5124e+09,2.9684e-06,30/10/2017
1.5124e+09,2.8163e-06,30/10/2017
1.5124e+09,2.9006e-06,30/10/2017
1.5124e+09,2.9346e-06,30/10/2017
1.5124e+09,2.8492e-06,30/10/2017
1.5124e+09,2.9662e-06,30/10/2017
1.5125e+09,2.8874e-06,30/10/2017
1.5125e+09,2.8627e-06,30/10/2017
1.5125e+09,2.84e-06,30/10/2017
1.5125e+09,2.8377e-06,30/10/2017
1.5125e+09,2.7409e-06,30/10/2017
1.5126e+09,3.0578e-06,30/10/2017
1.5126e+09,2.8864e-06,30/10/2017
1.5126e+09,2.7857e-06,30/10/2017
1.5126e+09,2.915e-06,30/10/2017
1.5126e+09,2.9372e-06,30/10/2017
1.5126e+09,2.8409e-06,30/10/2017
1.5126e+09,2.863e-06,30/10/2017
1.5126e+09,2.8551e-06,30/10/2017
1.5126e+09,3.1976e-06,30/10/2017
1.5126e+09,2.9174e-06,30/10/2017
1.5126e+09,3.0967e-06,30/10/2017
1.5127e+09,2.8854e-06,30/10/2017
1.5127e+09,2.725e-06,30/10/2017
1.5127e+09,2.994e-06,30/10/2017
1.5127e+09,2.927e-06,30/10/2017
1.5127e+09,2.8714e-06,30/10/2017
1.5127e+09,2.937e-06,30/10/2017
1.5127e+09,2.9458e-06,30/10/2017
1.5127e+09,2.8981e-06,30/10/2017
1.5127e+09,3.0578e-06,30/10/2017
1.5127e+09,3.0994e-06,30/10/2017
1.5127e+09,3.003e-06,30/10/2017
1.5127e+09,3.0343e-06,30/10/2017
1.5127e+09,2.7197e-06,30/10/2017
1.5127e+09,2.6799e-06,30/10/2017
1.5128e+09,2.809e-06,30/10/2017
1.5128e+09,2.911e-06,30/10/2017
1.5128e+09,2.8981e-06,30/10/2017
1.5128e+09,3.0457e-06,30/10/2017
1.5128e+09,2.8134e-06,30/10/2017
1.5128e+09,2.9114e-06,30/10/2017
1.5128e+09,3.0107e-06,30/10/2017
1.5128e+09,3.0452e-06,30/10/2017
1.5128e+09,2.7429e-06,30/10/2017
1.5128e+09,2.9451e-06,30/10/2017
1.5128e+09,2.8273e-06,30/10/2017
1.5128e+09,3.0628e-06,30/10/2017
1.5128e+09,2.9038e-06,30/10/2017
1.5128e+09,2.9564e-06,30/10/2017
1.5129e+09,2.8675e-06,30/10/2017
1.5129e+09,2.8634e-06,30/10/2017
1.5129e+09,3.1395e-06,30/10/2017
1.5129e+09,2.9135e-06,30/10/2017
1.5129e+09,2.7694e-06,30/10/2017
1.5129e+09,2.8575e-06,30/10/2017
1.5129e+09,2.9622e-06,30/10/2017
1.5129e+09,2.7661e-06,30/10/2017
1.5129e+09,2.9311e-06,30/10/2017
1.5129e+09,2.6953e-06,30/10/2017
1.5129e+09,2.7776e-06,30/10/2017
1.5129e+09,2.9557e-06,30/10/2017
1.5129e+09,2.9915e-06,30/10/2017
1.5129e+09,2.7383e-06,30/10/2017
1.513e+09,2.83e-06,30/10/2017
1.513e+09,2.5775e-06,30/10/2017
1.513e+09,2.934e-06,30/10/2017
1.513e+09,3.3271e-06,30/10/2017
1.513e+09,2.9442e-06,30/10/2017
1.513e+09,2.5725e-06,30/10/2017
1.513e+09,2.7187e-06,30/10/2017
1.513e+09,2.8165e-06,30/10/2017
1.513e+09,2.8812e-06,30/10/2017
1.513e+09,2.7898e-06,30/10/2017
1.513e+09,2.8421e-06,30/10/2017
1.513e+09,2.8045e-06,30/10/2017
1.513e+09,2.919e-06,30/10/2017
1.513e+09,2.808e-06,30/10/2017
1.513e+09,2.6251e-06,30/10/2017
1.5131e+09,2.9989e-06,30/10/2017
1.5131e+09,2.7997e-06,30/10/2017
1.5131e+09,2.8599e-06,30/10/2017
1.5131e+09,2.7178e-06,30/10/2017
1.5131e+09,2.7039e-06,30/10/2017
1.5131e+09,2.7459e-06,30/10/2017
1.5131e+09,2.9106e-06,30/10/2017
1.5131e+09,2.6622e-06,30/10/2017
1.5131e+09,2.8123e-06,30/10/2017
1.5131e+09,3.0179e-06,30/10/2017
1.5131e+09,2.9018e-06,30/10/2017
1.5131e+09,2.9209e-06,30/10/2017
1.5131e+09,3.0039e-06,30/10/2017
1.5132e+09,2.9241e-06,30/10/2017
1.5132e+09,3.0673e-06,30/10/2017
1.5132e+09,2.9684e-06,30/10/2017
1.5132e+09,3.0153e-06,30/10/2017
1.5132e+09,2.8504e-06,30/10/2017
1.5132e+09,2.9767e-06,30/10/2017
1.5132e+09,2.7946e-06,30/10/2017
1.5132e+09,2.9931e-06,30/10/2017
1.5132e+09,2.8053e-06,30/10/2017
1.5132e+09,3.0165e-06,30/10/2017
1.5132e+09,2.8199e-06,30/10/2017
1.5132e+09,2.7653e-06,30/10/2017
1.5132e+09,2.837e-06,30/10/2017
1.5133e+09,2.973e-06,30/10/2017
1.5133e+09,2.7771e-06,30/10/2017
1.5133e+09,2.899e-06,30/10/2017
1.5133e+09,2.8315e-06,30/10/2017
1.5133e+09,2.8038e-06,30/10/2017
1.5133e+09,2.9327e-06,30/10/2017
1.5133e+09,2.7464e-06,30/10/2017
1.5133e+09,2.7859e-06,30/10/2017
1.5133e+09,2.7663e-06,30/10/2017
1.5133e+09,2.9328e-06,30/10/2017
1.5133e+09,2.8571e-06,30/10/2017
1.5133e+09,2.8182e-06,30/10/2017
1.5134e+09,3.0412e-06,30/10/2017
1.5134e+09,3.0095e-06,30/10/2017
1.5134e+09,2.9615e-06,30/10/2017
1.5134e+09,2.9814e-06,30/10/2017
1.5134e+09,2.6524e-06,30/10/2017
1.5134e+09,2.8114e-06,30/10/2017
1.5134e+09,2.8345e-06,30/10/2017
1.5134e+09,2.8131e-06,30/10/2017
1.5134e+09,2.8014e-06,30/10/2017
1.5134e+09,2.9755e-06,30/10/2017
1.5134e+09,2.9232e-06,30/10/2017
1.5134e+09,3.0334e-06,30/10/2017
1.5135e+09,3.0172e-06,30/10/2017
1.5135e+09,2.7984e-06,30/10/2017
1.5135e+09,2.9286e-06,30/10/2017
1.5135e+09,3.0581e-06,30/10/2017
1.5135e+09,2.9954e-06,30/10/2017
1.5135e+09,2.824e-06,30/10/2017
1.5135e+09,2.8993e-06,30/10/2017
1.5135e+09,3.0572e-06,30/10/2017
1.5135e+09,3.1305e-06,30/10/2017
1.5135e+09,2.9667e-06,30/10/2017
1.5135e+09,2.962e-06,30/10/2017
1.5135e+09,2.9173e-06,30/10/2017
1.5135e+09,3.002e-06,30/10/2017
1.5135e+09,3.1019e-06,30/10/2017
1.5136e+09,2.8981e-06,30/10/2017
1.5136e+09,3.0684e-06,30/10/2017
1.5136e+09,2.9795e-06,30/10/2017
1.5136e+09,2.8736e-06,30/10/2017
1.5136e+09,3.0112e-06,30/10/2017
1.5136e+09,3.0051e-06,30/10/2017
1.5136e+09,2.8182e-06,30/10/2017
1.5136e+09,2.6635e-06,30/10/2017
1.5136e+09,3.0565e-06,30/10/2017
1.5136e+09,2.9517e-06,30/10/2017
1.5136e+09,2.8683e-06,30/10/2017
1.5136e+09,2.975e-06,30/10/2017
1.5136e+09,3.2345e-06,30/10/2017
1.5136e+09,3.1162e-06,30/10/2017
1.5137e+09,2.7758e-06,30/10/2017
1.5137e+09,3.1144e-06,30/10/2017
1.5137e+09,2.781e-06,30/10/2017
1.5137e+09,3.0178e-06,30/10/2017
1.5137e+09,2.9883e-06,30/10/2017
1.5137e+09,2.9537e-06,30/10/2017
1.5137e+09,3.1808e-06,30/10/2017
1.5137e+09,3.0065e-06,30/10/2017
1.5137e+09,2.9908e-06,30/10/2017
1.5137e+09,2.7915e-06,30/10/2017
1.5137e+09,2.951e-06,30/10/2017
1.5137e+09,3.0048e-06,30/10/2017
1.5137e+09,2.6324e-06,30/10/2017
1.5138e+09,2.8695e-06,30/10/2017
1.5138e+09,2.9074e-06,30/10/2017
1.5138e+09,2.837e-06,30/10/2017
1.5138e+09,2.8588e-06,30/10/2017
1.5138e+09,2.8287e-06,30/10/2017
1.5138e+09,2.9143e-06,30/10/2017
1.5138e+09,3.0821e-06,30/10/2017
1.5138e+09,2.9178e-06,30/10/2017
1.5138e+09,3.0742e-06,30/10/2017
1.5138e+09,2.8577e-06,30/10/2017
1.5138e+09,2.9696e-06,30/10/2017
1.5138e+09,2.837e-06,30/10/2017
1.5138e+09,3.0386e-06,30/10/2017
1.5138e+09,2.9236e-06,30/10/2017
1.5139e+09,2.9849e-06,30/10/2017
1.5139e+09,3.1222e-06,30/10/2017
1.5139e+09,3.0107e-06,30/10/2017
1.5139e+09,2.9433e-06,30/10/2017
1.5139e+09,2.8862e-06,30/10/2017
1.5139e+09,2.7241e-06,30/10/2017
1.5139e+09,2.9902e-06,30/10/2017
1.5189e+09,3.2629e-06,17/02/2018
1.5189e+09,3.0304e-06,17/02/2018
1.5189e+09,3.1199e-06,17/02/2018
1.5189e+09,3.1723e-06,17/02/2018
1.5189e+09,3.0071e-06,17/02/2018
1.5189e+09,3.0326e-06,17/02/2018
1.5189e+09,3.0165e-06,17/02/2018
1.519e+09,3.1043e-06,17/02/2018
1.519e+09,3.0254e-06,17/02/2018
1.519e+09,3.0253e-06,17/02/2018
1.519e+09,3.1707e-06,17/02/2018
1.519e+09,3.1178e-06,17/02/2018
1.519e+09,2.992e-06,17/02/2018
1.519e+09,2.9627e-06,17/02/2018
1.519e+09,3.0788e-06,17/02/2018
1.519e+09,3.1866e-06,17/02/2018
1.519e+09,2.9664e-06,17/02/2018
1.519e+09,3.1655e-06,17/02/2018
1.519e+09,3.1578e-06,17/02/2018
1.519e+09,3.1361e-06,17/02/2018
1.5191e+09,3.0253e-06,17/02/2018
1.5191e+09,2.7878e-06,17/02/2018
1.5191e+09,2.9384e-06,17/02/2018
1.5191e+09,2.8934e-06,17/02/2018
1.5191e+09,3.1127e-06,17/02/2018
1.5191e+09,2.8669e-06,17/02/2018
1.5191e+09,3.1571e-06,17/02/2018
1.5191e+09,3.1223e-06,17/02/2018
1.5191e+09,3.0214e-06,17/02/2018
1.5191e+09,3.3896e-06,17/02/2018
1.5191e+09,3.1092e-06,17/02/2018
1.5191e+09,2.9944e-06,17/02/2018
1.5191e+09,3.1166e-06,17/02/2018
1.5192e+09,2.871e-06,17/02/2018
1.5192e+09,3.0017e-06,17/02/2018
1.5192e+09,3.2115e-06,17/02/2018
1.5192e+09,3.0785e-06,17/02/2018
1.5192e+09,3.0683e-06,17/02/2018
1.5192e+09,3.0385e-06,17/02/2018
1.5192e+09,2.9449e-06,17/02/2018
1.5192e+09,3.1115e-06,17/02/2018
1.5192e+09,2.895e-06,17/02/2018
1.5192e+09,2.7734e-06,17/02/2018
1.5192e+09,3.034e-06,17/02/2018
1.5192e+09,2.9725e-06,17/02/2018
1.5193e+09,3.3381e-06,17/02/2018
1.5193e+09,2.7997e-06,17/02/2018
1.5193e+09,3.1518e-06,17/02/2018
1.5193e+09,3.11e-06,17/02/2018
1.5193e+09,3.09e-06,17/02/2018
1.5193e+09,2.928e-06,17/02/2018
1.5193e+09,2.9495e-06,17/02/2018
1.5193e+09,2.8912e-06,17/02/2018
1.5193e+09,2.8767e-06,17/02/2018
1.5193e+09,3.0162e-06,17/02/2018
1.5194e+09,3.1269e-06,17/02/2018
1.5194e+09,2.9797e-06,17/02/2018
1.5194e+09,3.0667e-06,17/02/2018
1.5194e+09,3.0474e-06,17/02/2018
1.5194e+09,3.0704e-06,17/02/2018
1.5194e+09,2.9492e-06,17/02/2018
1.5194e+09,3.013e-06,17/02/2018
1.5194e+09,2.8475e-06,17/02/2018
1.5194e+09,2.8465e-06,17/02/2018
1.5194e+09,3.0498e-06,17/02/2018
1.5194e+09,2.9122e-06,17/02/2018
1.5195e+09,2.938e-06,17/02/2018
1.5195e+09,3.1348e-06,17/02/2018
1.5195e+09,3.2572e-06,17/02/2018
1.5195e+09,2.9523e-06,17/02/2018
1.5195e+09,2.8847e-06,17/02/2018
1.5195e+09,3.0374e-06,17/02/2018
1.5195e+09,2.9926e-06,17/02/2018
1.5195e+09,2.8226e-06,17/02/2018
1.5195e+09,2.9927e-06,17/02/2018
1.5195e+09,3.0421e-06,17/02/2018
1.5195e+09,2.8308e-06,17/02/2018
1.5195e+09,2.9915e-06,17/02/2018
1.5195e+09,3.1875e-06,17/02/2018
1.5195e+09,2.9229e-06,17/02/2018
1.5196e+09,3.0692e-06,17/02/2018
1.5196e+09,3.0418e-06,17/02/2018
1.5196e+09,2.9199e-06,17/02/2018
1.5196e+09,3.0392e-06,17/02/2018
1.5196e+09,2.8077e-06,17/02/2018
1.5196e+09,2.8715e-06,17/02/2018
1.5196e+09,2.941e-06,17/02/2018
1.5196e+09,3.0001e-06,17/02/2018
1.5196e+09,2.9504e-06,17/02/2018
1.5196e+09,2.999e-06,17/02/2018
1.5196e+09,3.1648e-06,17/02/2018
1.5196e+09,2.8611e-06,17/02/2018
1.5197e+09,2.7709e-06,17/02/2018
1.5197e+09,2.9744e-06,17/02/2018
1.5197e+09,3.0134e-06,17/02/2018
1.5197e+09,2.8967e-06,17/02/2018
1.5197e+09,3.0981e-06,17/02/2018
1.5197e+09,3.1344e-06,17/02/2018
1.5197e+09,2.903e-06,17/02/2018
1.5197e+09,2.9356e-06,17/02/2018
1.5197e+09,2.691e-06,17/02/2018
1.5197e+09,2.9113e-06,17/02/2018
1.5197e+09,2.7749e-06,17/02/2018
1.5197e+09,3.0119e-06,17/02/2018
1.5197e+09,3.0315e-06,17/02/2018
1.5198e+09,2.876e-06,17/02/2018
1.5198e+09,3.0978e-06,17/02/2018
1.5198e+09,2.9845e-06,17/02/2018
1.5198e+09,3.098e-06,17/02/2018
1.5198e+09,3.1003e-06,17/02/2018
1.5198e+09,3.0433e-06,17/02/2018
1.5198e+09,3.009e-06,17/02/2018
1.5198e+09,2.9451e-06,17/02/2018
1.5198e+09,2.9621e-06,17/02/2018
1.5198e+09,2.9518e-06,17/02/2018
1.5198e+09,2.941e-06,17/02/2018
1.5198e+09,2.952e-06,17/02/2018
1.5198e+09,3.1326e-06,17/02/2018
1.5198e+09,2.9025e-06,17/02/2018
1.5199e+09,3.0242e-06,17/02/2018
1.5199e+09,3.166e-06,17/02/2018
1.5199e+09,2.8402e-06,17/02/2018
1.5199e+09,2.933e-06,17/02/2018
1.5199e+09,2.8003e-06,17/02/2018
1.5199e+09,2.7569e-06,17/02/2018
1.5199e+09,3.094e-06,17/02/2018
1.5199e+09,3.0602e-06,17/02/2018
1.5199e+09,3.0702e-06,17/02/2018
1.5199e+09,3.1054e-06,17/02/2018
1.5199e+09,3.0692e-06,17/02/2018
1.52e+09,2.9637e-06,17/02/2018
1.52e+09,2.8958e-06,17/02/2018
1.52e+09,2.8001e-06,17/02/2018
1.52e+09,2.9266e-06,17/02/2018
1.52e+09,3.0666e-06,17/02/2018
1.52e+09,3.0041e-06,17/02/2018
1.52e+09,2.972e-06,17/02/2018
1.52e+09,3.0383e-06,17/02/2018
1.52e+09,2.8684e-06,17/02/2018
1.52e+09,2.9689e-06,17/02/2018
1.52e+09,2.9314e-06,17/02/2018
1.52e+09,2.9453e-06,17/02/2018
1.52e+09,2.889e-06,17/02/2018
1.52e+09,3.0636e-06,17/02/2018
1.5201e+09,2.9825e-06,17/02/2018
1.5201e+09,2.9543e-06,17/02/2018
1.5201e+09,2.996e-06,17/02/2018
1.5201e+09,2.8755e-06,17/02/2018
1.5201e+09,3.0817e-06,17/02/2018
1.5201e+09,3.1014e-06,17/02/2018
1.5201e+09,2.8829e-06,17/02/2018
1.5201e+09,2.9151e-06,17/02/2018
1.5201e+09,2.83e-06,17/02/2018
1.5201e+09,2.8415e-06,17/02/2018
1.5201e+09,2.9677e-06,17/02/2018
1.5201e+09,2.9189e-06,17/02/2018
1.5201e+09,3.0209e-06,17/02/2018
1.5201e+09,2.891e-06,17/02/2018
1.5202e+09,2.8858e-06,17/02/2018
1.5202e+09,2.9882e-06,17/02/2018
1.5202e+09,2.9536e-06,17/02/2018
1.5202e+09,2.9368e-06,17/02/2018
1.5202e+09,2.9619e-06,17/02/2018
1.5202e+09,2.8521e-06,17/02/2018
1.5202e+09,2.8866e-06,17/02/2018
1.5202e+09,3.1063e-06,17/02/2018
1.5202e+09,3.1828e-06,17/02/2018
1.5202e+09,2.8855e-06,17/02/2018
1.5202e+09,2.9916e-06,17/02/2018
1.5202e+09,2.801e-06,17/02/2018
1.5202e+09,3.21e-06,17/02/2018
1.5203e+09,2.7788e-06,17/02/2018
1.5203e+09,3.0278e-06,17/02/2018
1.5203e+09,2.9191e-06,17/02/2018
1.5203e+09,3.0091e-06,17/02/2018
1.5203e+09,3.0721e-06,17/02/2018
1.5203e+09,2.9328e-06,17/02/2018
1.5203e+09,3.1494e-06,17/02/2018
1.5203e+09,2.7879e-06,17/02/2018
1.5203e+09,2.8702e-06,17/02/2018
1.5203e+09,2.9479e-06,17/02/2018
1.5203e+09,2.8815e-06,17/02/2018
1.5203e+09,3.0062e-06,17/02/2018
1.5203e+09,2.8742e-06,17/02/2018
1.5203e+09,2.9499e-06,17/02/2018
1.5204e+09,3.0078e-06,17/02/2018
1.5204e+09,3.2124e-06,17/02/2018
1.5204e+09,2.9244e-06,17/02/2018
1.5204e+09,3.0087e-06,17/02/2018
1.5204e+09,2.8749e-06,17/02/2018
1.5204e+09,2.9785e-06,17/02/2018
1.5204e+09,3.0992e-06,17/02/2018
1.5204e+09,2.9253e-06,17/02/2018
1.5204e+09,2.9835e-06,17/02/2018
1.5204e+09,3.0085e-06,17/02/2018
1.5204e+09,2.811e-06,17/02/2018
1.5205e+09,2.777e-06,17/02/2018
1.5205e+09,2.9153e-06,17/02/2018
1.5205e+09,2.923e-06,17/02/2018
1.5205e+09,3.0288e-06,17/02/2018
1.5205e+09,3.1196e-06,17/02/2018
1.5205e+09,3.1541e-06,17/02/2018
1.5205e+09,2.9071e-06,17/02/2018
1.5205e+09,3.0834e-06,17/02/2018
1.5205e+09,2.8204e-06,17/02/2018
1.5205e+09,3.229e-06,17/02/2018
1.5205e+09,2.9891e-06,17/02/2018
1.5205e+09,3.0672e-06,17/02/2018
1.5205e+09,3.2278e-06,17/02/2018
1.5205e+09,2.8695e-06,17/02/2018
1.5206e+09,2.8973e-06,17/02/2018
1.5206e+09,2.8515e-06,17/02/2018
1.5206e+09,3.015e-06,17/02/2018
1.5206e+09,2.987e-06,17/02/2018
1.5206e+09,3.2137e-06,17/02/2018
1.5206e+09,3.0444e-06,17/02/2018
1.5206e+09,3.0358e-06,17/02/2018
1.5206e+09,2.9813e-06,17/02/2018
1.5206e+09,2.9227e-06,17/02/2018
1.5206e+09,2.9369e-06,17/02/2018
1.5206e+09,2.9441e-06,17/02/2018
1.5206e+09,2.999e-06,17/02/2018
1.5206e+09,2.9086e-06,17/02/2018
1.5207e+09,3.1335e-06,17/02/2018
1.5207e+09,2.9129e-06,17/02/2018
1.5207e+09,2.9881e-06,17/02/2018
1.5207e+09,2.9783e-06,17/02/2018
1.5207e+09,3.0528e-06,17/02/2018
1.5207e+09,2.9631e-06,17/02/2018
1.5207e+09,3.1782e-06,17/02/2018
1.5207e+09,3.2435e-06,17/02/2018
1.5207e+09,3.1082e-06,17/02/2018
1.5207e+09,3.0179e-06,17/02/2018
1.5207e+09,3.0693e-06,17/02/2018
1.5207e+09,2.8877e-06,17/02/2018
1.5207e+09,2.8248e-06,17/02/2018
1.5207e+09,3.1398e-06,17/02/2018
1.5208e+09,2.9297e-06,17/02/2018
1.5208e+09,2.9239e-06,17/02/2018
1.5208e+09,2.9053e-06,17/02/2018
1.5208e+09,2.9803e-06,17/02/2018
1.5208e+09,3.0694e-06,17/02/2018
1.5208e+09,3.039e-06,17/02/2018
1.5208e+09,3.0192e-06,17/02/2018
1.5208e+09,2.9231e-06,17/02/2018
1.5208e+09,2.9116e-06,17/02/2018
1.5208e+09,2.8919e-06,17/02/2018
1.5208e+09,2.9001e-06,17/02/2018
1.5208e+09,3.2246e-06,17/02/2018
1.5208e+09,2.9696e-06,17/02/2018
1.5208e+09,3.0464e-06,17/02/2018
1.5209e+09,3.2255e-06,17/02/2018
1.5209e+09,2.9461e-06,17/02/2018
1.5209e+09,2.9867e-06,17/02/2018
1.5209e+09,2.8489e-06,17/02/2018
1.5209e+09,2.9424e-06,17/02/2018
1.5209e+09,3.0181e-06,17/02/2018
1.5209e+09,3.0042e-06,17/02/2018
1.5209e+09,3.2136e-06,17/02/2018
1.5209e+09,3.1842e-06,17/02/2018
1.5209e+09,2.9471e-06,17/02/2018
1.5209e+09,2.9792e-06,17/02/2018
1.5209e+09,2.7219e-06,17/02/2018
1.5209e+09,2.9083e-06,17/02/2018
1.5209e+09,3.0413e-06,17/02/2018
1.521e+09,3.1251e-06,17/02/2018
1.521e+09,2.9583e-06,17/02/2018
1.521e+09,3.1229e-06,17/02/2018
1.521e+09,3.0127e-06,17/02/2018
1.521e+09,3.2292e-06,17/02/2018
1.521e+09,2.9826e-06,17/02/2018
1.521e+09,3.0304e-06,17/02/2018
1.521e+09,3.1242e-06,17/02/2018
1.521e+09,2.9435e-06,17/02/2018
1.521e+09,2.9689e-06,17/02/2018
1.521e+09,3.1364e-06,17/02/2018
1.5211e+09,3.2132e-06,17/02/2018
1.5211e+09,3.0353e-06,17/02/2018
1.5211e+09,3.1724e-06,17/02/2018
1.5211e+09,3.0117e-06,17/02/2018
1.5211e+09,2.7854e-06,17/02/2018
1.5211e+09,3.0242e-06,17/02/2018
1.5211e+09,3.0653e-06,17/02/2018
1.5211e+09,2.8919e-06,17/02/2018
1.5211e+09,2.9801e-06,17/02/2018
1.5211e+09,3.1318e-06,17/02/2018
1.5211e+09,3.1017e-06,17/02/2018
1.5211e+09,3.0093e-06,17/02/2018
1.5212e+09,3.1055e-06,17/02/2018
1.5212e+09,3.0159e-06,17/02/2018
1.5212e+09,2.9726e-06,17/02/2018
1.5212e+09,2.9068e-06,17/02/2018
1.5212e+09,2.9182e-06,17/02/2018
1.5212e+09,3.231e-06,17/02/2018
1.5212e+09,3.1849e-06,17/02/2018
1.5212e+09,3.0376e-06,17/02/2018
1.5212e+09,3.1015e-06,17/02/2018
1.5212e+09,3.0781e-06,17/02/2018
1.5212e+09,2.9973e-06,17/02/2018
1.5212e+09,2.9766e-06,17/02/2018
1.5212e+09,2.9954e-06,17/02/2018
1.5213e+09,3.1427e-06,17/02/2018
1.5213e+09,3.0971e-06,17/02/2018
1.5213e+09,3.2187e-06,17/02/2018
1.5213e+09,3.0253e-06,17/02/2018
1.5213e+09,2.9795e-06,17/02/2018
1.5213e+09,2.9888e-06,17/02/2018
1.5213e+09,2.8721e-06,17/02/2018
1.5213e+09,2.879e-06,17/02/2018
1.5213e+09,3.0425e-06,17/02/2018
1.5213e+09,2.9201e-06,17/02/2018
1.5213e+09,2.8837e-06,17/02/2018
1.5213e+09,3.0141e-06,17/02/2018
1.5213e+09,3.0588e-06,17/02/2018
1.5214e+09,2.9269e-06,17/02/2018
1.5214e+09,3.0243e-06,17/02/2018
1.5214e+09,3.0274e-06,17/02/2018
1.5214e+09,2.907e-06,17/02/2018
1.5214e+09,3.0984e-06,17/02/2018
1.5214e+09,3.2118e-06,17/02/2018
1.5214e+09,3.1878e-06,17/02/2018
1.5214e+09,3.1364e-06,17/02/2018
1.5214e+09,3.152e-06,17/02/2018
1.5214e+09,2.9859e-06,17/02/2018
1.5214e+09,2.9053e-06,17/02/2018
1.5214e+09,3.0837e-06,17/02/2018
1.5214e+09,3.0029e-06,17/02/2018
1.5214e+09,2.9899e-06,17/02/2018
1.5215e+09,3.1793e-06,17/02/2018
1.5215e+09,3.1427e-06,17/02/2018
1.5215e+09,3.0371e-06,17/02/2018
1.5215e+09,2.9944e-06,17/02/2018
1.5215e+09,3.0232e-06,17/02/2018
1.5215e+09,2.9308e-06,17/02/2018
1.5215e+09,3.0933e-06,17/02/2018
1.5215e+09,3.1268e-06,17/02/2018
1.5215e+09,3.1405e-06,17/02/2018
1.5215e+09,3.2909e-06,17/02/2018
1.5215e+09,3.0108e-06,17/02/2018
1.5215e+09,3.2014e-06,17/02/2018
1.5215e+09,3.1407e-06,17/02/2018
1.5215e+09,3.2386e-06,17/02/2018
1.5216e+09,2.9892e-06,17/02/2018
1.5216e+09,2.8987e-06,17/02/2018
1.5216e+09,3.0746e-06,17/02/2018
1.5216e+09,2.9364e-06,17/02/2018
1.5216e+09,3.2999e-06,17/02/2018
1.5216e+09,3.0155e-06,17/02/2018
1.5216e+09,2.8168e-06,17/02/2018
1.5216e+09,2.9329e-06,17/02/2018
1.5216e+09,3.0537e-06,17/02/2018
1.5216e+09,3.1649e-06,17/02/2018
1.5216e+09,3.1041e-06,17/02/2018
1.5216e+09,3.0074e-06,17/02/2018
1.5216e+09,3.0028e-06,17/02/2018
1.5216e+09,3.078e-06,17/02/2018
1.5217e+09,2.9055e-06,17/02/2018
1.5217e+09,3.0191e-06,17/02/2018
1.5217e+09,3.1751e-06,17/02/2018
1.5217e+09,3.1854e-06,17/02/2018
1.5217e+09,3.1121e-06,17/02/2018
1.5217e+09,3.2551e-06,17/02/2018
1.5217e+09,3.0214e-06,17/02/2018
1.5217e+09,3.0743e-06,17/02/2018
1.5217e+09,2.7094e-06,17/02/2018
1.5217e+09,2.8294e-06,17/02/2018
1.5217e+09,3.0156e-06,17/02/2018
1.5217e+09,3.0527e-06,17/02/2018
1.5218e+09,3.1026e-06,17/02/2018
1.5218e+09,3.1925e-06,17/02/2018
1.5218e+09,3.0682e-06,17/02/2018
1.5218e+09,2.996e-06,17/02/2018
1.5218e+09,3.1243e-06,17/02/2018
1.5218e+09,2.9958e-06,17/02/2018
1.5218e+09,3.0848e-06,17/02/2018
1.5218e+09,3.0416e-06,17/02/2018
1.5218e+09,3.0023e-06,17/02/2018
1.5218e+09,3.0125e-06,17/02/2018
1.5218e+09,3.0804e-06,17/02/2018
1.5218e+09,2.9876e-06,17/02/2018
1.5218e+09,2.9471e-06,17/02/2018
1.5218e+09,2.9703e-06,17/02/2018
1.5219e+09,2.9041e-06,17/02/2018
1.5219e+09,3.0552e-06,17/02/2018
1.5219e+09,2.9837e-06,17/02/2018
1.5219e+09,3.0754e-06,17/02/2018
1.5219e+09,2.9815e-06,17/02/2018
1.5219e+09,3.0645e-06,17/02/2018
1.5219e+09,3.1157e-06,17/02/2018
1.5219e+09,2.8828e-06,17/02/2018
1.5219e+09,3.2421e-06,17/02/2018
1.5219e+09,2.9781e-06,17/02/2018
1.5219e+09,3.0318e-06,17/02/2018
1.5219e+09,2.9172e-06,17/02/2018
1.522e+09,2.9577e-06,17/02/2018
1.522e+09,3.1386e-06,17/02/2018
1.522e+09,2.9078e-06,17/02/2018
1.522e+09,3.0317e-06,17/02/2018
1.522e+09,3.0035e-06,17/02/2018
1.522e+09,2.9245e-06,17/02/2018
1.522e+09,3.0465e-06,17/02/2018
1.522e+09,2.9978e-06,17/02/2018
1.522e+09,2.8747e-06,17/02/2018
1.522e+09,3.1666e-06,17/02/2018
1.522e+09,2.999e-06,17/02/2018
1.522e+09,2.9239e-06,17/02/2018
1.522e+09,3.2245e-06,17/02/2018
1.5221e+09,3.0907e-06,17/02/2018
1.5221e+09,3.0581e-06,17/02/2018
1.5221e+09,2.933e-06,17/02/2018
1.5221e+09,3.1026e-06,17/02/2018
1.5221e+09,2.9107e-06,17/02/2018
1.5221e+09,2.82e-06,17/02/2018
1.5221e+09,3.0628e-06,17/02/2018
1.5221e+09,2.8767e-06,17/02/2018
1.5221e+09,2.8939e-06,17/02/2018
1.5221e+09,2.9565e-06,17/02/2018
1.5221e+09,2.9472e-06,17/02/2018
1.5221e+09,2.8925e-06,17/02/2018
1.5222e+09,3.1422e-06,17/02/2018
1.5222e+09,2.987e-06,17/02/2018
1.5222e+09,3.1638e-06,17/02/2018
1.5222e+09,3.0959e-06,17/02/2018
1.5222e+09,3.04e-06,17/02/2018
1.5222e+09,3.0636e-06,17/02/2018
1.5222e+09,3.0586e-06,17/02/2018
1.5222e+09,2.8773e-06,17/02/2018
1.5222e+09,3.3088e-06,17/02/2018
1.5222e+09,3.1476e-06,17/02/2018
1.5222e+09,3.04e-06,17/02/2018
1.5222e+09,2.9608e-06,17/02/2018
1.5222e+09,3.0204e-06,17/02/2018
1.5222e+09,2.9199e-06,17/02/2018
1.5223e+09,3.1403e-06,17/02/2018
1.5223e+09,3.1593e-06,17/02/2018
1.5223e+09,3.0633e-06,17/02/2018
1.5223e+09,3.072e-06,17/02/2018
1.5223e+09,2.9302e-06,17/02/2018
1.5223e+09,2.9951e-06,17/02/2018
1.5223e+09,3.1051e-06,17/02/2018
1.5223e+09,3.0475e-06,17/02/2018
1.5223e+09,2.8842e-06,17/02/2018
1.5223e+09,2.8223e-06,17/02/2018
1.5223e+09,3.0958e-06,17/02/2018
1.5223e+09,2.9207e-06,17/02/2018
1.5223e+09,3.0448e-06,17/02/2018
1.5223e+09,3.0611e-06,17/02/2018
1.5224e+09,3.0262e-06,17/02/2018
1.5224e+09,3.1467e-06,17/02/2018
1.5224e+09,3.1487e-06,17/02/2018
1.5224e+09,3.1796e-06,17/02/2018
1.5224e+09,2.9987e-06,17/02/2018
1.5224e+09,2.9757e-06,17/02/2018
1.5224e+09,3.0401e-06,17/02/2018
1.5224e+09,2.8999e-06,17/02/2018
1.5224e+09,2.8342e-06,17/02/2018
1.5224e+09,3.0381e-06,17/02/2018
1.5224e+09,2.9096e-06,17/02/2018
1.5224e+09,2.8986e-06,17/02/2018
1.5225e+09,3.2299e-06,17/02/2018
1.5225e+09,2.9678e-06,17/02/2018
1.5225e+09,2.8537e-06,17/02/2018
1.5225e+09,2.9838e-06,17/02/2018
1.5225e+09,3.0638e-06,17/02/2018
1.5225e+09,3.2599e-06,17/02/2018
1.5225e+09,2.9362e-06,17/02/2018
1.5225e+09,3.0864e-06,17/02/2018
1.5225e+09,2.942e-06,17/02/2018
1.5225e+09,2.9632e-06,17/02/2018
1.5225e+09,3.0704e-06,17/02/2018
1.5225e+09,2.7722e-06,17/02/2018
1.5225e+09,3.1913e-06,17/02/2018
1.5225e+09,2.9976e-06,17/02/2018
1.5226e+09,3.0852e-06,17/02/2018
1.5226e+09,3.0173e-06,17/02/2018
1.5226e+09,2.9332e-06,17/02/2018
1.5226e+09,3.1644e-06,17/02/2018
1.5226e+09,2.9185e-06,17/02/2018
1.5226e+09,3.1313e-06,17/02/2018
1.5226e+09,2.9766e-06,17/02/2018
1.5226e+09,2.992e-06,17/02/2018
1.5226e+09,3.0513e-06,17/02/2018
1.5226e+09,2.9711e-06,17/02/2018
1.5226e+09,2.9874e-06,17/02/2018
1.5226e+09,3.0278e-06,17/02/2018
1.5226e+09,3.0931e-06,17/02/2018
1.5226e+09,3.0019e-06,17/02/2018
1.5227e+09,2.944e-06,17/02/2018
1.5227e+09,2.8263e-06,17/02/2018
1.5227e+09,2.8411e-06,17/02/2018
1.5227e+09,3.0003e-06,17/02/2018
1.5227e+09,2.9274e-06,17/02/2018
1.5227e+09,3.0676e-06,17/02/2018
1.5227e+09,2.9092e-06,17/02/2018
1.5227e+09,2.9397e-06,17/02/2018
1.5227e+09,2.8812e-06,17/02/2018
1.5227e+09,2.8598e-06,17/02/2018
1.5227e+09,3.0644e-06,17/02/2018
1.5227e+09,2.8453e-06,17/02/2018
1.5227e+09,2.8408e-06,17/02/2018
1.5228e+09,3.09e-06,17/02/2018
1.5228e+09,2.7708e-06,17/02/2018
1.5228e+09,3.0337e-06,17/02/2018
1.5228e+09,3.1432e-06,17/02/2018
1.5228e+09,2.95e-06,17/02/2018
1.5228e+09,2.7297e-06,17/02/2018
1.5228e+09,3.0701e-06,17/02/2018
1.5228e+09,3.0565e-06,17/02/2018
1.5228e+09,2.9798e-06,17/02/2018
1.5228e+09,2.9011e-06,17/02/2018
1.5228e+09,3.0812e-06,17/02/2018
1.5228e+09,2.8609e-06,17/02/2018
1.5228e+09,2.8653e-06,17/02/2018
1.5228e+09,3.0134e-06,17/02/2018
1.5229e+09,3.0528e-06,17/02/2018
1.5229e+09,3.0293e-06,17/02/2018
1.5229e+09,2.9884e-06,17/02/2018
1.5229e+09,2.8652e-06,17/02/2018
1.5229e+09,2.9565e-06,17/02/2018
1.5229e+09,2.9168e-06,17/02/2018
1.5229e+09,3.0168e-06,17/02/2018
1.5229e+09,3.0166e-06,17/02/2018
1.5229e+09,2.8929e-06,17/02/2018
1.5229e+09,2.903e-06,17/02/2018
1.5229e+09,2.9305e-06,17/02/2018
1.5229e+09,2.9875e-06,17/02/2018
1.5229e+09,2.9571e-06,17/02/2018
1.5229e+09,2.902e-06,17/02/2018
1.523e+09,3.0778e-06,17/02/2018
1.523e+09,2.9992e-06,17/02/2018
1.523e+09,3.0391e-06,17/02/2018
1.523e+09,3.0477e-06,17/02/2018
1.523e+09,2.9924e-06,17/02/2018
1.523e+09,2.8841e-06,17/02/2018
1.523e+09,2.9532e-06,17/02/2018
1.523e+09,2.9519e-06,17/02/2018
1.523e+09,3.1477e-06,17/02/2018
1.523e+09,3.0746e-06,17/02/2018
1.523e+09,2.9985e-06,17/02/2018
1.523e+09,2.8836e-06,17/02/2018
1.523e+09,2.8795e-06,17/02/2018
1.523e+09,2.8645e-06,17/02/2018
1.5231e+09,3.0001e-06,17/02/2018
1.5231e+09,3.1028e-06,17/02/2018
1.5231e+09,2.9437e-06,17/02/2018
1.5231e+09,3.1368e-06,17/02/2018
1.5231e+09,2.9344e-06,17/02/2018
1.5231e+09,3.0565e-06,17/02/2018
1.5231e+09,3.0112e-06,17/02/2018
1.5231e+09,2.8991e-06,17/02/2018
1.5231e+09,2.9315e-06,17/02/2018
1.5231e+09,3.0496e-06,17/02/2018
1.5231e+09,3.0317e-06,17/02/2018
1.5231e+09,3.1914e-06,17/02/2018
1.5231e+09,3.0399e-06,17/02/2018
1.5231e+09,3.2286e-06,17/02/2018
1.5232e+09,2.9855e-06,17/02/2018
1.5232e+09,3.0386e-06,17/02/2018
1.5232e+09,3.1053e-06,17/02/2018
1.5232e+09,3.0536e-06,17/02/2018
1.5232e+09,2.7825e-06,17/02/2018
1.5232e+09,2.9037e-06,17/02/2018
1.5232e+09,3.0034e-06,17/02/2018
1.5232e+09,2.869e-06,17/02/2018
1.5232e+09,3.0712e-06,17/02/2018
1.5232e+09,2.7976e-06,17/02/2018
1.5232e+09,3.0265e-06,17/02/2018
1.5232e+09,3.1176e-06,17/02/2018
1.5232e+09,2.9473e-06,17/02/2018
1.5232e+09,3.1144e-06,17/02/2018
1.5233e+09,2.8719e-06,17/02/2018
1.5233e+09,3.0675e-06,17/02/2018
1.5233e+09,2.958e-06,17/02/2018
1.5233e+09,3.1515e-06,17/02/2018
1.5233e+09,2.8892e-06,17/02/2018
1.5233e+09,2.9308e-06,17/02/2018
1.5233e+09,3.1232e-06,17/02/2018
1.5233e+09,2.8742e-06,17/02/2018
1.5233e+09,3.0611e-06,17/02/2018
1.5233e+09,2.8796e-06,17/02/2018
1.5233e+09,2.8955e-06,17/02/2018
1.5233e+09,3.1682e-06,17/02/2018
1.5233e+09,2.9289e-06,17/02/2018
1.5233e+09,2.8901e-06,17/02/2018
1.5234e+09,3.1154e-06,17/02/2018
1.5234e+09,3.0495e-06,17/02/2018
1.5234e+09,3.1998e-06,17/02/2018
1.5234e+09,2.9725e-06,17/02/2018
1.5234e+09,3.0728e-06,17/02/2018
1.5234e+09,3.0429e-06,17/02/2018
1.5234e+09,2.9544e-06,17/02/2018
1.5234e+09,2.9848e-06,17/02/2018
1.5234e+09,3.055e-06,17/02/2018
1.5234e+09,3.0851e-06,17/02/2018
1.5234e+09,3.1569e-06,17/02/2018
1.5234e+09,2.8731e-06,17/02/2018
1.5234e+09,3.113e-06,17/02/2018
1.5235e+09,2.9502e-06,17/02/2018
1.5235e+09,2.9604e-06,17/02/2018
1.5235e+09,2.906e-06,17/02/2018
1.5235e+09,2.9606e-06,17/02/2018
1.5235e+09,3.0565e-06,17/02/2018
1.5235e+09,2.7842e-06,17/02/2018
1.5235e+09,2.9873e-06,17/02/2018
1.5235e+09,3.1561e-06,17/02/2018
1.5235e+09,2.9119e-06,17/02/2018
1.5235e+09,3.0525e-06,17/02/2018
1.5235e+09,2.9299e-06,17/02/2018
1.5235e+09,3.174e-06,17/02/2018
1.5235e+09,3.2284e-06,17/02/2018
1.5236e+09,2.8621e-06,17/02/2018
1.5236e+09,2.9762e-06,17/02/2018
1.5236e+09,2.9695e-06,17/02/2018
1.5236e+09,2.8835e-06,17/02/2018
1.5236e+09,2.8184e-06,17/02/2018
1.5236e+09,2.8703e-06,17/02/2018
1.5236e+09,2.8607e-06,17/02/2018
1.5236e+09,2.9647e-06,17/02/2018
1.5236e+09,3.0937e-06,17/02/2018
1.5236e+09,3.0509e-06,17/02/2018
1.5236e+09,2.9713e-06,17/02/2018
1.5236e+09,2.9973e-06,17/02/2018
1.5236e+09,3.1645e-06,17/02/2018
1.5236e+09,3.0925e-06,17/02/2018
1.5237e+09,2.915e-06,17/02/2018
1.5237e+09,3.0425e-06,17/02/2018
1.5237e+09,3.2143e-06,17/02/2018
1.5237e+09,3.0264e-06,17/02/2018
1.5237e+09,2.8872e-06,17/02/2018
1.5237e+09,3.0758e-06,17/02/2018
1.5237e+09,3.0762e-06,17/02/2018
1.5237e+09,3.1069e-06,17/02/2018
1.5237e+09,3.053e-06,17/02/2018
1.5237e+09,3.043e-06,17/02/2018
1.5237e+09,3.0001e-06,17/02/2018
1.5237e+09,3.1986e-06,17/02/2018
1.5237e+09,2.9425e-06,17/02/2018
1.5238e+09,2.8255e-06,17/02/2018
1.5238e+09,3.0466e-06,17/02/2018
1.5238e+09,2.9455e-06,17/02/2018
1.5238e+09,3.0713e-06,17/02/2018
1.5238e+09,3.1357e-06,17/02/2018
1.5238e+09,2.9917e-06,17/02/2018
1.5238e+09,3.0419e-06,17/02/2018
1.5238e+09,3.2397e-06,17/02/2018
1.5238e+09,2.7043e-06,17/02/2018
1.5238e+09,2.9601e-06,17/02/2018
1.5238e+09,3.1225e-06,17/02/2018
1.5238e+09,3.1095e-06,17/02/2018
1.5238e+09,3.0308e-06,17/02/2018
1.5238e+09,3.0399e-06,17/02/2018
1.5239e+09,3.021e-06,17/02/2018
1.5239e+09,2.9592e-06,17/02/2018
1.5239e+09,3.0628e-06,17/02/2018
1.5239e+09,2.9692e-06,17/02/2018
1.5239e+09,3.0687e-06,17/02/2018
1.5239e+09,3.0052e-06,17/02/2018
1.5239e+09,3.0228e-06,17/02/2018
1.5239e+09,2.8182e-06,17/02/2018
1.5239e+09,2.9382e-06,17/02/2018
1.5239e+09,3.0509e-06,17/02/2018
1.5239e+09,3.202e-06,17/02/2018
1.5239e+09,3.0285e-06,17/02/2018
1.5239e+09,2.9314e-06,17/02/2018
1.5239e+09,3.0639e-06,17/02/2018
1.524e+09,2.9847e-06,17/02/2018
1.5401e+09,2.6866e-06,21/10/2018
1.5401e+09,2.8952e-06,21/10/2018
1.5401e+09,3.035e-06,21/10/2018
1.5402e+09,2.904e-06,21/10/2018
1.5402e+09,2.8808e-06,21/10/2018
1.5402e+09,2.9072e-06,21/10/2018
1.5402e+09,2.9757e-06,21/10/2018
1.5402e+09,2.641e-06,21/10/2018
1.5402e+09,2.8026e-06,21/10/2018
1.5402e+09,2.9203e-06,21/10/2018
1.5402e+09,2.8507e-06,21/10/2018
1.5402e+09,2.9246e-06,21/10/2018
1.5402e+09,2.8607e-06,21/10/2018
1.5402e+09,2.9303e-06,21/10/2018
1.5402e+09,2.885e-06,21/10/2018
1.5402e+09,2.9266e-06,21/10/2018
1.5403e+09,2.6705e-06,21/10/2018
1.5403e+09,2.9247e-06,21/10/2018
1.5403e+09,2.6898e-06,21/10/2018
1.5403e+09,2.8657e-06,21/10/2018
1.5403e+09,2.886e-06,21/10/2018
1.5403e+09,2.7394e-06,21/10/2018
1.5403e+09,2.6902e-06,21/10/2018
1.5403e+09,2.693e-06,21/10/2018
1.5403e+09,2.8428e-06,21/10/2018
1.5403e+09,2.8726e-06,21/10/2018
1.5403e+09,2.7305e-06,21/10/2018
1.5403e+09,2.9901e-06,21/10/2018
1.5403e+09,3.0224e-06,21/10/2018
1.5404e+09,2.8013e-06,21/10/2018
1.5404e+09,2.9162e-06,21/10/2018
1.5404e+09,2.8325e-06,21/10/2018
1.5404e+09,2.8135e-06,21/10/2018
1.5404e+09,2.9586e-06,21/10/2018
1.5404e+09,2.8966e-06,21/10/2018
1.5404e+09,2.9296e-06,21/10/2018
1.5404e+09,2.8554e-06,21/10/2018
1.5404e+09,2.8204e-06,21/10/2018
1.5404e+09,2.7636e-06,21/10/2018
1.5404e+09,2.8063e-06,21/10/2018
1.5404e+09,2.806e-06,21/10/2018
1.5404e+09,2.7932e-06,21/10/2018
1.5405e+09,2.6364e-06,21/10/2018
1.5405e+09,2.7937e-06,21/10/2018
1.5405e+09,2.8561e-06,21/10/2018
1.5405e+09,2.7971e-06,21/10/2018
1.5405e+09,2.8014e-06,21/10/2018
1.5405e+09,2.83e-06,21/10/2018
1.5405e+09,2.7492e-06,21/10/2018
1.5405e+09,2.721e-06,21/10/2018
1.5405e+09,2.7069e-06,21/10/2018
1.5405e+09,2.717e-06,21/10/2018
1.5405e+09,2.8268e-06,21/10/2018
1.5405e+09,2.8962e-06,21/10/2018
1.5405e+09,2.8147e-06,21/10/2018
1.5405e+09,2.711e-06,21/10/2018
1.5406e+09,2.6761e-06,21/10/2018
1.5406e+09,2.6527e-06,21/10/2018
1.5406e+09,2.5337e-06,21/10/2018
1.5406e+09,2.7611e-06,21/10/2018
1.5406e+09,2.7144e-06,21/10/2018
1.5406e+09,2.5832e-06,21/10/2018
1.5406e+09,2.9204e-06,21/10/2018
1.5406e+09,2.6755e-06,21/10/2018
1.5406e+09,2.8918e-06,21/10/2018
1.5406e+09,2.6604e-06,21/10/2018
1.5406e+09,2.7785e-06,21/10/2018
1.5406e+09,2.7726e-06,21/10/2018
1.5407e+09,2.8951e-06,21/10/2018
1.5407e+09,2.7937e-06,21/10/2018
1.5407e+09,2.7463e-06,21/10/2018
1.5407e+09,2.7524e-06,21/10/2018
1.5408e+09,2.9169e-06,21/10/2018
1.5408e+09,2.8581e-06,21/10/2018
1.5408e+09,2.9127e-06,21/10/2018
1.5408e+09,2.8028e-06,21/10/2018
1.5408e+09,2.9592e-06,21/10/2018
1.5408e+09,2.9295e-06,21/10/2018
1.5408e+09,2.7185e-06,21/10/2018
1.5408e+09,2.6238e-06,21/10/2018
1.5408e+09,2.9332e-06,21/10/2018
1.5408e+09,2.8591e-06,21/10/2018
1.5408e+09,2.7563e-06,21/10/2018
1.5408e+09,2.7587e-06,21/10/2018
1.5408e+09,2.7701e-06,21/10/2018
1.5409e+09,2.8688e-06,21/10/2018
1.5409e+09,3.0048e-06,21/10/2018
1.5409e+09,2.842e-06,21/10/2018
1.5409e+09,2.7981e-06,21/10/2018
1.5409e+09,2.8015e-06,21/10/2018
1.5409e+09,2.983e-06,21/10/2018
1.5409e+09,2.9333e-06,21/10/2018
1.5409e+09,2.8546e-06,21/10/2018
1.5409e+09,3.0215e-06,21/10/2018
1.5409e+09,2.8707e-06,21/10/2018
1.5409e+09,2.8503e-06,21/10/2018
1.5409e+09,2.7557e-06,21/10/2018
1.541e+09,2.9496e-06,21/10/2018
1.541e+09,2.914e-06,21/10/2018
1.541e+09,2.954e-06,21/10/2018
1.541e+09,2.9971e-06,21/10/2018
1.541e+09,2.8833e-06,21/10/2018
1.541e+09,2.7363e-06,21/10/2018
1.541e+09,2.8642e-06,21/10/2018
1.541e+09,2.8063e-06,21/10/2018
1.541e+09,3.1248e-06,21/10/2018
1.541e+09,2.891e-06,21/10/2018
1.541e+09,2.6812e-06,21/10/2018
1.541e+09,2.8388e-06,21/10/2018
1.541e+09,2.6183e-06,21/10/2018
1.541e+09,2.9961e-06,21/10/2018
1.5411e+09,2.8739e-06,21/10/2018
1.5411e+09,2.6571e-06,21/10/2018
1.5411e+09,2.7845e-06,21/10/2018
1.5411e+09,2.8573e-06,21/10/2018
1.5411e+09,2.8452e-06,21/10/2018
1.5411e+09,2.9743e-06,21/10/2018
1.5411e+09,2.8624e-06,21/10/2018
1.5411e+09,2.7895e-06,21/10/2018
1.5411e+09,2.8028e-06,21/10/2018
1.5411e+09,2.6909e-06,21/10/2018
1.5411e+09,2.7735e-06,21/10/2018
1.5411e+09,2.6602e-06,21/10/2018
1.5412e+09,2.7578e-06,21/10/2018
1.5412e+09,2.6135e-06,21/10/2018
1.5412e+09,2.9693e-06,21/10/2018
1.5412e+09,2.7334e-06,21/10/2018
1.5412e+09,2.6604e-06,21/10/2018
1.5412e+09,2.8902e-06,21/10/2018
1.5412e+09,2.9695e-06,21/10/2018
1.5412e+09,2.9028e-06,21/10/2018
1.5412e+09,2.7753e-06,21/10/2018
1.5412e+09,2.7923e-06,21/10/2018
1.5412e+09,2.954e-06,21/10/2018
1.5412e+09,2.8842e-06,21/10/2018
1.5412e+09,2.9676e-06,21/10/2018
1.5412e+09,2.8161e-06,21/10/2018
1.5413e+09,2.8069e-06,21/10/2018
1.5413e+09,3.0275e-06,21/10/2018
1.5413e+09,2.9368e-06,21/10/2018
1.5413e+09,2.9391e-06,21/10/2018
1.5413e+09,3.1152e-06,21/10/2018
1.5413e+09,2.8181e-06,21/10/2018
1.5413e+09,3.0087e-06,21/10/2018
1.5413e+09,2.8077e-06,21/10/2018
1.5413e+09,2.7379e-06,21/10/2018
1.5413e+09,2.9687e-06,21/10/2018
1.5413e+09,2.8463e-06,21/10/2018
1.5413e+09,2.8116e-06,21/10/2018
1.5413e+09,2.5466e-06,21/10/2018
1.5414e+09,2.678e-06,21/10/2018
1.5414e+09,2.83e-06,21/10/2018
1.5414e+09,2.9227e-06,21/10/2018
1.5414e+09,2.7271e-06,21/10/2018
1.5414e+09,2.8665e-06,21/10/2018
1.5414e+09,2.9643e-06,21/10/2018
1.5414e+09,2.8742e-06,21/10/2018
1.5414e+09,2.9963e-06,21/10/2018
1.5414e+09,2.7919e-06,21/10/2018
1.5414e+09,2.8914e-06,21/10/2018
1.5415e+09,2.7105e-06,21/10/2018
1.5415e+09,2.931e-06,21/10/2018
1.5415e+09,2.9391e-06,21/10/2018
1.5415e+09,2.8426e-06,21/10/2018
1.5415e+09,2.8007e-06,21/10/2018
1.5415e+09,2.7728e-06,21/10/2018
1.5415e+09,2.7616e-06,21/10/2018
1.5415e+09,2.8056e-06,21/10/2018
1.5415e+09,2.9251e-06,21/10/2018
1.5415e+09,2.7264e-06,21/10/2018
1.5415e+09,2.8541e-06,21/10/2018
1.5415e+09,2.9135e-06,21/10/2018
1.5415e+09,2.6685e-06,21/10/2018
1.5416e+09,2.8467e-06,21/10/2018
1.5416e+09,2.6844e-06,21/10/2018
1.5416e+09,2.672e-06,21/10/2018
1.5416e+09,2.7554e-06,21/10/2018
1.5416e+09,2.884e-06,21/10/2018
1.5416e+09,2.7755e-06,21/10/2018
1.5416e+09,2.8395e-06,21/10/2018
1.5416e+09,2.7983e-06,21/10/2018
1.5416e+09,2.8673e-06,21/10/2018
1.5416e+09,2.9662e-06,21/10/2018
1.5416e+09,2.7737e-06,21/10/2018
1.5416e+09,2.9755e-06,21/10/2018
1.5416e+09,2.6503e-06,21/10/2018
1.5417e+09,3.0367e-06,21/10/2018
1.5417e+09,2.6487e-06,21/10/2018
1.5418e+09,2.7303e-06,21/10/2018
1.5418e+09,2.9435e-06,21/10/2018
1.5418e+09,2.8216e-06,21/10/2018
1.5418e+09,2.7362e-06,21/10/2018
1.5418e+09,2.9123e-06,21/10/2018
1.5418e+09,2.8163e-06,21/10/2018
1.5418e+09,2.7994e-06,21/10/2018
1.5418e+09,2.9388e-06,21/10/2018
1.5418e+09,2.7133e-06,21/10/2018
1.5418e+09,2.815e-06,21/10/2018
1.5418e+09,2.7541e-06,21/10/2018
1.5418e+09,2.7436e-06,21/10/2018
1.5418e+09,2.7837e-06,21/10/2018
1.5419e+09,2.6852e-06,21/10/2018
1.5419e+09,2.9062e-06,21/10/2018
1.5419e+09,3.0962e-06,21/10/2018
1.5419e+09,2.8055e-06,21/10/2018
1.5419e+09,2.6538e-06,21/10/2018
1.5419e+09,2.6731e-06,21/10/2018
1.5419e+09,2.8909e-06,21/10/2018
1.5419e+09,2.7009e-06,21/10/2018
1.5419e+09,2.9808e-06,21/10/2018
1.5419e+09,2.911e-06,21/10/2018
1.5419e+09,2.9254e-06,21/10/2018
1.5419e+09,2.6972e-06,21/10/2018
1.5419e+09,2.6489e-06,21/10/2018
1.542e+09,2.8326e-06,21/10/2018
1.542e+09,2.6642e-06,21/10/2018
1.542e+09,2.7835e-06,21/10/2018
1.542e+09,2.9962e-06,21/10/2018
1.542e+09,2.9249e-06,21/10/2018
1.542e+09,2.6602e-06,21/10/2018
1.542e+09,2.8625e-06,21/10/2018
1.542e+09,2.8425e-06,21/10/2018
1.542e+09,2.7766e-06,21/10/2018
1.542e+09,2.9531e-06,21/10/2018
1.542e+09,2.8459e-06,21/10/2018
1.542e+09,2.7152e-06,21/10/2018
1.542e+09,2.9308e-06,21/10/2018
1.5421e+09,2.7379e-06,21/10/2018
1.5421e+09,2.7929e-06,21/10/2018
1.5421e+09,3.0397e-06,21/10/2018
1.5421e+09,2.7753e-06,21/10/2018
1.5421e+09,2.7665e-06,21/10/2018
1.5421e+09,2.8687e-06,21/10/2018
1.5421e+09,2.8707e-06,21/10/2018
1.5421e+09,2.766e-06,21/10/2018
1.5421e+09,2.9315e-06,21/10/2018
1.5421e+09,2.8996e-06,21/10/2018
1.5421e+09,2.928e-06,21/10/2018
1.5421e+09,2.8645e-06,21/10/2018
1.5421e+09,2.7436e-06,21/10/2018
1.5421e+09,3.0214e-06,21/10/2018
1.5422e+09,2.7893e-06,21/10/2018
1.5422e+09,2.9331e-06,21/10/2018
1.5422e+09,2.9796e-06,21/10/2018
1.5422e+09,2.7451e-06,21/10/2018
1.5422e+09,2.7394e-06,21/10/2018
1.5422e+09,2.8443e-06,21/10/2018
1.5422e+09,2.8194e-06,21/10/2018
1.5422e+09,2.7843e-06,21/10/2018
1.5422e+09,2.7716e-06,21/10/2018
1.5422e+09,2.8493e-06,21/10/2018
1.5422e+09,2.676e-06,21/10/2018
1.5422e+09,3.1231e-06,21/10/2018
1.5422e+09,2.8448e-06,21/10/2018
1.5423e+09,2.7899e-06,21/10/2018
1.5423e+09,2.8163e-06,21/10/2018
1.5423e+09,2.8047e-06,21/10/2018
1.5423e+09,2.825e-06,21/10/2018
1.5423e+09,2.697e-06,21/10/2018
1.5423e+09,2.8975e-06,21/10/2018
1.5423e+09,2.9502e-06,21/10/2018
1.5423e+09,2.6635e-06,21/10/2018
1.5423e+09,2.8592e-06,21/10/2018
1.5423e+09,2.7561e-06,21/10/2018
1.5423e+09,2.8637e-06,21/10/2018
1.5423e+09,2.9237e-06,21/10/2018
1.5423e+09,2.7831e-06,21/10/2018
1.5423e+09,2.8476e-06,21/10/2018
1.5424e+09,2.8612e-06,21/10/2018
1.5424e+09,3.133e-06,21/10/2018
1.5424e+09,2.6894e-06,21/10/2018
1.5424e+09,2.9791e-06,21/10/2018
1.5424e+09,2.8632e-06,21/10/2018
1.5424e+09,2.8012e-06,21/10/2018
1.5424e+09,2.877e-06,21/10/2018
1.5424e+09,3.1025e-06,21/10/2018
1.5424e+09,2.8698e-06,21/10/2018
1.5424e+09,2.5676e-06,21/10/2018
1.5424e+09,2.9715e-06,21/10/2018
1.5424e+09,2.9973e-06,21/10/2018
1.5424e+09,2.8448e-06,21/10/2018
1.5424e+09,2.6802e-06,21/10/2018
1.5425e+09,2.8336e-06,21/10/2018
1.5425e+09,2.6257e-06,21/10/2018
1.5425e+09,2.6579e-06,21/10/2018
1.5425e+09,2.8153e-06,21/10/2018
1.5425e+09,2.909e-06,21/10/2018
1.5425e+09,2.7984e-06,21/10/2018
1.5425e+09,2.6736e-06,21/10/2018
1.5425e+09,2.8119e-06,21/10/2018
1.5425e+09,2.7875e-06,21/10/2018
1.5425e+09,2.8129e-06,21/10/2018
1.5425e+09,2.7493e-06,21/10/2018
1.5425e+09,2.8509e-06,21/10/2018
1.5426e+09,2.6273e-06,21/10/2018
1.5426e+09,2.7482e-06,21/10/2018
1.5426e+09,2.859e-06,21/10/2018
1.5426e+09,2.8356e-06,21/10/2018
1.5426e+09,2.9706e-06,21/10/2018
1.5426e+09,2.9136e-06,21/10/2018
1.5426e+09,2.7078e-06,21/10/2018
1.5426e+09,2.7003e-06,21/10/2018
1.5426e+09,2.6129e-06,21/10/2018
1.5426e+09,2.8421e-06,21/10/2018
1.5426e+09,3.0428e-06,21/10/2018
1.5426e+09,2.843e-06,21/10/2018
1.5426e+09,2.6588e-06,21/10/2018
1.5426e+09,2.8264e-06,21/10/2018
1.5427e+09,2.9843e-06,21/10/2018
1.5427e+09,2.7271e-06,21/10/2018
1.5427e+09,2.77e-06,21/10/2018
1.5427e+09,2.9211e-06,21/10/2018
1.5427e+09,2.7838e-06,21/10/2018
1.5427e+09,2.9128e-06,21/10/2018
1.5427e+09,2.707e-06,21/10/2018
1.5427e+09,2.8151e-06,21/10/2018
1.5427e+09,2.8636e-06,21/10/2018
1.5427e+09,2.7368e-06,21/10/2018
1.5427e+09,2.7631e-06,21/10/2018
1.5427e+09,2.8467e-06,21/10/2018
1.5427e+09,2.8166e-06,21/10/2018
1.5427e+09,2.8906e-06,21/10/2018
1.5428e+09,2.8774e-06,21/10/2018
1.5428e+09,2.7703e-06,21/10/2018
1.5428e+09,2.8509e-06,21/10/2018
1.5428e+09,2.9125e-06,21/10/2018
1.5428e+09,2.9047e-06,21/10/2018
1.5428e+09,2.7797e-06,21/10/2018
1.5428e+09,2.8938e-06,21/10/2018
1.5428e+09,2.9476e-06,21/10/2018
1.5428e+09,2.8734e-06,21/10/2018
1.5428e+09,2.7923e-06,21/10/2018
1.5428e+09,2.7556e-06,21/10/2018
1.5428e+09,2.7646e-06,21/10/2018
1.5428e+09,3.1202e-06,21/10/2018
1.5428e+09,2.8713e-06,21/10/2018
1.5428e+09,3.771e-06,21/10/2018
1.5429e+09,2.9981e-06,21/10/2018
1.5429e+09,2.6318e-06,21/10/2018
1.5429e+09,2.9836e-06,21/10/2018
1.5429e+09,2.6086e-06,21/10/2018
1.5429e+09,2.9588e-06,21/10/2018
1.5429e+09,2.9841e-06,21/10/2018
1.5429e+09,2.9458e-06,21/10/2018
1.543e+09,2.8462e-06,21/10/2018
1.543e+09,3.0333e-06,21/10/2018
1.543e+09,2.9072e-06,21/10/2018
1.5431e+09,2.7253e-06,21/10/2018
1.5431e+09,2.8939e-06,21/10/2018
1.5431e+09,2.7704e-06,21/10/2018
1.5431e+09,2.9367e-06,21/10/2018
1.5431e+09,2.9807e-06,21/10/2018
1.5431e+09,2.7727e-06,21/10/2018
1.5431e+09,2.885e-06,21/10/2018
1.5431e+09,2.9163e-06,21/10/2018
1.5431e+09,3.0357e-06,21/10/2018
1.5431e+09,2.9304e-06,21/10/2018
1.5431e+09,2.782e-06,21/10/2018
1.5431e+09,2.7631e-06,21/10/2018
1.5431e+09,2.9532e-06,21/10/2018
1.5432e+09,2.7345e-06,21/10/2018
1.5432e+09,2.9538e-06,21/10/2018
1.5432e+09,2.8907e-06,21/10/2018
1.5432e+09,2.8829e-06,21/10/2018
1.5432e+09,2.9644e-06,21/10/2018
1.5432e+09,2.8456e-06,21/10/2018
1.5432e+09,3.009e-06,21/10/2018
1.5432e+09,2.9649e-06,21/10/2018
1.5432e+09,2.6818e-06,21/10/2018
1.5432e+09,2.8263e-06,21/10/2018
1.5432e+09,2.9278e-06,21/10/2018
1.5432e+09,2.8679e-06,21/10/2018
1.5432e+09,2.834e-06,21/10/2018
1.5433e+09,2.7532e-06,21/10/2018
1.5433e+09,2.8344e-06,21/10/2018
1.5433e+09,2.9265e-06,21/10/2018
1.5433e+09,2.8232e-06,21/10/2018
1.5433e+09,2.8067e-06,21/10/2018
1.5433e+09,2.844e-06,21/10/2018
1.5433e+09,2.8976e-06,21/10/2018
1.5433e+09,2.8879e-06,21/10/2018
1.5433e+09,2.9266e-06,21/10/2018
1.5433e+09,2.9825e-06,21/10/2018
1.5433e+09,2.7035e-06,21/10/2018
1.5433e+09,3.0401e-06,21/10/2018
1.5433e+09,2.8864e-06,21/10/2018
1.5434e+09,2.8844e-06,21/10/2018
1.5434e+09,2.7686e-06,21/10/2018
1.5434e+09,2.8405e-06,21/10/2018
1.5434e+09,2.9341e-06,21/10/2018
1.5434e+09,2.8957e-06,21/10/2018
1.5434e+09,2.9385e-06,21/10/2018
1.5434e+09,2.8974e-06,21/10/2018
1.5434e+09,3.0006e-06,21/10/2018
1.5434e+09,2.7445e-06,21/10/2018
1.5434e+09,2.7321e-06,21/10/2018
1.5434e+09,2.8074e-06,21/10/2018
1.5434e+09,2.9562e-06,21/10/2018
1.5435e+09,2.8993e-06,21/10/2018
1.5435e+09,2.9208e-06,21/10/2018
1.5435e+09,2.954e-06,21/10/2018
1.5435e+09,2.7957e-06,21/10/2018
1.5435e+09,2.8957e-06,21/10/2018
1.5435e+09,2.8988e-06,21/10/2018
1.5435e+09,3.0792e-06,21/10/2018
1.5435e+09,3.0509e-06,21/10/2018
1.5435e+09,2.7168e-06,21/10/2018
1.5435e+09,3.1178e-06,21/10/2018
1.5435e+09,3.0743e-06,21/10/2018
1.5435e+09,2.8025e-06,21/10/2018
1.5435e+09,2.8639e-06,21/10/2018
1.5435e+09,2.7876e-06,21/10/2018
1.5436e+09,2.7084e-06,21/10/2018
1.5436e+09,2.8491e-06,21/10/2018
1.5436e+09,2.6437e-06,21/10/2018
1.5436e+09,2.8926e-06,21/10/2018
1.5436e+09,2.9193e-06,21/10/2018
1.5436e+09,2.8818e-06,21/10/2018
1.5436e+09,2.7718e-06,21/10/2018
1.5436e+09,2.8821e-06,21/10/2018
1.5436e+09,2.983e-06,21/10/2018
1.5436e+09,2.8288e-06,21/10/2018
1.5436e+09,2.9767e-06,21/10/2018
1.5436e+09,2.6556e-06,21/10/2018
1.5436e+09,3.0392e-06,21/10/2018
1.5436e+09,2.9218e-06,21/10/2018
1.5437e+09,2.8793e-06,21/10/2018
1.5437e+09,2.8199e-06,21/10/2018
1.5437e+09,2.7244e-06,21/10/2018
1.5437e+09,2.8469e-06,21/10/2018
1.5437e+09,2.8023e-06,21/10/2018
1.5437e+09,2.8346e-06,21/10/2018
1.5437e+09,2.9288e-06,21/10/2018
1.5437e+09,2.6807e-06,21/10/2018
1.5437e+09,2.8296e-06,21/10/2018
1.5437e+09,2.8075e-06,21/10/2018
1.5437e+09,2.9898e-06,21/10/2018
1.5437e+09,2.9034e-06,21/10/2018
1.5438e+09,2.8008e-06,21/10/2018
1.5438e+09,2.8162e-06,21/10/2018
1.5438e+09,2.8393e-06,21/10/2018
1.5438e+09,3.0067e-06,21/10/2018
1.5438e+09,2.854e-06,21/10/2018
1.5438e+09,2.938e-06,21/10/2018
1.5438e+09,2.9327e-06,21/10/2018
1.5438e+09,2.8001e-06,21/10/2018
1.5438e+09,3.0316e-06,21/10/2018
1.5438e+09,2.8869e-06,21/10/2018
1.5438e+09,2.9498e-06,21/10/2018
1.5438e+09,2.8782e-06,21/10/2018
1.5438e+09,2.8265e-06,21/10/2018
1.5438e+09,2.7475e-06,21/10/2018
1.5439e+09,2.7037e-06,21/10/2018
1.5439e+09,2.8473e-06,21/10/2018
1.544e+09,2.7757e-06,21/10/2018
1.544e+09,2.9753e-06,21/10/2018
1.544e+09,2.9803e-06,21/10/2018
1.544e+09,2.7433e-06,21/10/2018
1.544e+09,2.8875e-06,21/10/2018
1.544e+09,2.9402e-06,21/10/2018
1.544e+09,2.7745e-06,21/10/2018
1.544e+09,2.9876e-06,21/10/2018
1.544e+09,2.8868e-06,21/10/2018
1.544e+09,2.889e-06,21/10/2018
1.5441e+09,2.8941e-06,21/10/2018
1.5441e+09,2.9167e-06,21/10/2018
1.5441e+09,2.8575e-06,21/10/2018
1.5441e+09,3.0285e-06,21/10/2018
1.5441e+09,2.8724e-06,21/10/2018
1.5441e+09,2.7331e-06,21/10/2018
1.5441e+09,2.7416e-06,21/10/2018
1.5441e+09,2.7174e-06,21/10/2018
1.5441e+09,2.8279e-06,21/10/2018
1.5441e+09,2.9013e-06,21/10/2018
1.5441e+09,5.1715e-06,21/10/2018
1.5441e+09,2.6461e-06,21/10/2018
1.5441e+09,2.6982e-06,21/10/2018
1.5442e+09,2.9472e-06,21/10/2018
1.5442e+09,2.5315e-06,21/10/2018
1.5442e+09,2.7474e-06,21/10/2018
1.5442e+09,2.9579e-06,21/10/2018
1.5442e+09,2.841e-06,21/10/2018
1.5442e+09,2.6541e-06,21/10/2018
1.5442e+09,2.8418e-06,21/10/2018
1.5442e+09,2.7782e-06,21/10/2018
1.5442e+09,2.7838e-06,21/10/2018
1.5442e+09,2.906e-06,21/10/2018
1.5442e+09,2.8598e-06,21/10/2018
1.5442e+09,2.9905e-06,21/10/2018
1.5442e+09,2.9339e-06,21/10/2018
1.5442e+09,2.8168e-06,21/10/2018
1.5443e+09,2.8501e-06,21/10/2018
1.5443e+09,2.7344e-06,21/10/2018
1.5443e+09,2.7589e-06,21/10/2018
1.5443e+09,2.4582e-06,21/10/2018
1.5443e+09,2.7677e-06,21/10/2018
1.5443e+09,2.8849e-06,21/10/2018
1.5443e+09,2.9413e-06,21/10/2018
1.5443e+09,2.8004e-06,21/10/2018
1.5443e+09,2.8305e-06,21/10/2018
1.5443e+09,2.8428e-06,21/10/2018
1.5443e+09,2.9481e-06,21/10/2018
1.5443e+09,2.9395e-06,21/10/2018
1.5443e+09,2.7838e-06,21/10/2018
1.5444e+09,2.7981e-06,21/10/2018
1.5444e+09,2.9457e-06,21/10/2018
1.5444e+09,2.9957e-06,21/10/2018
1.5444e+09,2.8036e-06,21/10/2018
1.5444e+09,2.8906e-06,21/10/2018
1.5444e+09,2.8684e-06,21/10/2018
1.5444e+09,2.7591e-06,21/10/2018
1.5444e+09,2.8966e-06,21/10/2018
1.5444e+09,2.7111e-06,21/10/2018
1.5444e+09,2.9035e-06,21/10/2018
1.5444e+09,2.8629e-06,21/10/2018
1.5444e+09,2.6992e-06,21/10/2018
1.5444e+09,2.7105e-06,21/10/2018
1.5444e+09,2.909e-06,21/10/2018
1.5445e+09,2.9725e-06,21/10/2018
1.5445e+09,2.8753e-06,21/10/2018
1.5445e+09,2.9362e-06,21/10/2018
1.5445e+09,3.0304e-06,21/10/2018
1.5445e+09,2.8463e-06,21/10/2018
1.5445e+09,2.7914e-06,21/10/2018
1.5445e+09,2.8357e-06,21/10/2018
1.5445e+09,2.7632e-06,21/10/2018
1.5445e+09,2.8722e-06,21/10/2018
1.5445e+09,2.9517e-06,21/10/2018
1.5445e+09,2.7729e-06,21/10/2018
1.5445e+09,2.8786e-06,21/10/2018
1.5446e+09,2.8587e-06,21/10/2018
1.5446e+09,2.7903e-06,21/10/2018
1.5446e+09,2.9418e-06,21/10/2018
1.5446e+09,2.7306e-06,21/10/2018
1.5446e+09,2.843e-06,21/10/2018
1.5446e+09,2.9663e-06,21/10/2018
1.5446e+09,2.9463e-06,21/10/2018
1.5446e+09,2.8709e-06,21/10/2018
1.5446e+09,2.8807e-06,21/10/2018
1.5446e+09,3.0425e-06,21/10/2018
1.5446e+09,2.797e-06,21/10/2018
1.5446e+09,2.8176e-06,21/10/2018
1.5447e+09,2.8704e-06,21/10/2018
1.5447e+09,2.8228e-06,21/10/2018
1.5447e+09,2.9156e-06,21/10/2018
1.5447e+09,2.7253e-06,21/10/2018
1.5447e+09,3.0662e-06,21/10/2018
1.5447e+09,2.9248e-06,21/10/2018
1.5447e+09,2.9064e-06,21/10/2018
1.5447e+09,2.8636e-06,21/10/2018
1.5447e+09,2.808e-06,21/10/2018
1.5447e+09,2.6489e-06,21/10/2018
1.5447e+09,4.3095e-06,21/10/2018
1.5447e+09,2.9104e-06,21/10/2018
1.5447e+09,2.8341e-06,21/10/2018
1.5447e+09,2.8132e-06,21/10/2018
1.5447e+09,2.8606e-06,21/10/2018
1.5448e+09,2.9132e-06,21/10/2018
1.5448e+09,2.7964e-06,21/10/2018
1.5448e+09,2.8128e-06,21/10/2018
1.5448e+09,2.9145e-06,21/10/2018
1.5448e+09,2.8092e-06,21/10/2018
1.5448e+09,2.9234e-06,21/10/2018
1.5448e+09,2.6806e-06,21/10/2018
1.5448e+09,2.9446e-06,21/10/2018
1.5448e+09,2.9196e-06,21/10/2018
1.5448e+09,2.84e-06,21/10/2018
1.5448e+09,2.9476e-06,21/10/2018
1.5448e+09,2.7273e-06,21/10/2018
1.5448e+09,3.0353e-06,21/10/2018
1.5448e+09,2.72e-06,21/10/2018
1.5449e+09,2.7838e-06,21/10/2018
1.5449e+09,3.0815e-06,21/10/2018
1.5449e+09,2.715e-06,21/10/2018
1.5449e+09,2.8912e-06,21/10/2018
1.5449e+09,2.8879e-06,21/10/2018
1.5449e+09,2.738e-06,21/10/2018
1.5449e+09,2.7475e-06,21/10/2018
1.5449e+09,2.8872e-06,21/10/2018
1.5449e+09,2.9052e-06,21/10/2018
1.5449e+09,2.9744e-06,21/10/2018
1.5449e+09,2.8604e-06,21/10/2018
1.5449e+09,2.9556e-06,21/10/2018
1.545e+09,2.6337e-06,21/10/2018
1.545e+09,2.8542e-06,21/10/2018
1.545e+09,2.9704e-06,21/10/2018
1.545e+09,2.9535e-06,21/10/2018
1.545e+09,2.8621e-06,21/10/2018
1.545e+09,2.8893e-06,21/10/2018
1.545e+09,2.8146e-06,21/10/2018
1.545e+09,2.9979e-06,21/10/2018
1.545e+09,2.9266e-06,21/10/2018
1.545e+09,2.94e-06,21/10/2018
1.545e+09,2.9798e-06,21/10/2018
1.545e+09,2.844e-06,21/10/2018
1.545e+09,2.8166e-06,21/10/2018
1.545e+09,2.9344e-06,21/10/2018
1.5451e+09,2.9935e-06,21/10/2018
1.5451e+09,2.6028e-06,21/10/2018
1.5451e+09,2.9271e-06,21/10/2018
1.5451e+09,2.9128e-06,21/10/2018
1.5451e+09,2.8645e-06,21/10/2018
1.5451e+09,2.8523e-06,21/10/2018
1.5451e+09,2.7858e-06,21/10/2018
1.5451e+09,2.8093e-06,21/10/2018
1.5451e+09,2.7184e-06,21/10/2018
1.5451e+09,3.1554e-06,21/10/2018
1.5451e+09,2.8638e-06,21/10/2018
1.5451e+09,2.9127e-06,21/10/2018
1.5451e+09,2.9742e-06,21/10/2018
1.5453e+09,3.1113e-06,21/10/2018
1.5453e+09,2.9476e-06,21/10/2018
1.5453e+09,3.0811e-06,21/10/2018
